filepath,filename,dataset,label,label_source,split
data/processed/audio/drone/Membo_1_004-membo_000_.wav,Membo_1_004-membo_000_.wav,uav_db,drone,folder_name,train
data/processed/audio/no_drone/1-36400-A-232.wav,1-36400-A-232.wav,uav_db,no_drone,folder_name,train
data/processed/audio/drone/DJI_Mavic_Mini1_10.wav,DJI_Mavic_Mini1_10.wav,uav_db,drone,folder_name,train
data/processed/audio/drone/mixed_40-bebop_001_.wav,mixed_40-bebop_001_.wav,uav_db,drone,folder_name,train
data/processed/audio/drone/mixed_membo_34-membo_000_.wav,mixed_membo_34-membo_000_.wav,uav_db,drone,folder_name,train
data/processed/audio/drone/mixed_membo_4-membo_001_.wav,mixed_membo_4-membo_001_.wav,uav_db,drone,folder_name,train
data/processed/audio/drone/mixed_49-bebop_000_.wav,mixed_49-bebop_000_.wav,uav_db,drone,folder_name,train
data/processed/audio/drone/mixed_64-bebop_004_.wav,mixed_64-bebop_004_.wav,uav_db,drone,folder_name,train
data/processed/audio/no_drone/1-58277-A-31.wav,1-58277-A-31.wav,uav_db,no_drone,folder_name,train
data/processed/audio/drone/mixed_24-bebop_002_.wav,mixed_24-bebop_002_.wav,uav_db,drone,folder_name,train
data/processed/audio/no_drone/2-118817-A-322.wav,2-118817-A-322.wav,uav_db,no_drone,folder_name,train
data/processed/audio/drone/mixed_membo_11-membo_000_.wav,mixed_membo_11-membo_000_.wav,uav_db,drone,folder_name,train
data/processed/audio/drone/mixed_membo_26-membo_000_.wav,mixed_membo_26-membo_000_.wav,uav_db,drone,folder_name,train
data/processed/audio/drone/mixed_membo_31-membo_001_.wav,mixed_membo_31-membo_001_.wav,uav_db,drone,folder_name,train
data/processed/audio/no_drone/3-151557-B-283.wav,3-151557-B-283.wav,uav_db,no_drone,folder_name,train
data/processed/audio/no_drone/4-165845-A-454.wav,4-165845-A-454.wav,uav_db,no_drone,folder_name,train
data/processed/audio/drone/Membo_0_010-membo_001_.wav,Membo_0_010-membo_001_.wav,uav_db,drone,folder_name,train
data/processed/audio/drone/mixed_54-bebop_001_.wav,mixed_54-bebop_001_.wav,uav_db,drone,folder_name,train
data/processed/audio/no_drone/5-212730-A-170.wav,5-212730-A-170.wav,uav_db,no_drone,folder_name,train
data/processed/audio/drone/Membo_0_017-membo_003_.wav,Membo_0_017-membo_003_.wav,uav_db,drone,folder_name,train
data/processed/audio/no_drone/4-150364-B-463.wav,4-150364-B-463.wav,uav_db,no_drone,folder_name,train
data/processed/audio/no_drone/4-201800-A-312.wav,4-201800-A-312.wav,uav_db,no_drone,folder_name,train
data/processed/audio/no_drone/silence184.wav,silence184.wav,uav_db,no_drone,folder_name,train
data/processed/audio/no_drone/3-112557-B-230.wav,3-112557-B-230.wav,uav_db,no_drone,folder_name,train
data/processed/audio/drone/mixed_membo_66-membo_000_.wav,mixed_membo_66-membo_000_.wav,uav_db,drone,folder_name,train
data/processed/audio/no_drone/1-101336-A-303.wav,1-101336-A-303.wav,uav_db,no_drone,folder_name,train
data/processed/audio/no_drone/2-151079-A-200.wav,2-151079-A-200.wav,uav_db,no_drone,folder_name,train
data/processed/audio/drone/B_S2_D1_089-bebop_004_.wav,B_S2_D1_089-bebop_004_.wav,uav_db,drone,folder_name,train
data/processed/audio/drone/B_S2_D1_123-bebop_002_.wav,B_S2_D1_123-bebop_002_.wav,uav_db,drone,folder_name,train
data/processed/audio/no_drone/4-176914-A-231.wav,4-176914-A-231.wav,uav_db,no_drone,folder_name,train
data/processed/audio/drone/mixed_membo_47-membo_001_.wav,mixed_membo_47-membo_001_.wav,uav_db,drone,folder_name,train
data/processed/audio/drone/mixed_membo_10-membo_003_.wav,mixed_membo_10-membo_003_.wav,uav_db,drone,folder_name,train
data/processed/audio/no_drone/5-180156-C-430.wav,5-180156-C-430.wav,uav_db,no_drone,folder_name,train
data/processed/audio/drone/mixed_6-bebop_002_.wav,mixed_6-bebop_002_.wav,uav_db,drone,folder_name,train
data/processed/audio/drone/B_S2_D1_075-bebop_000_.wav,B_S2_D1_075-bebop_000_.wav,uav_db,drone,folder_name,train
data/processed/audio/no_drone/3-152007-E-204.wav,3-152007-E-204.wav,uav_db,no_drone,folder_name,train
data/processed/audio/no_drone/3-166326-A-152.wav,3-166326-A-152.wav,uav_db,no_drone,folder_name,train
data/processed/audio/drone/Membo_0_034-membo_001_.wav,Membo_0_034-membo_001_.wav,uav_db,drone,folder_name,train
data/processed/audio/no_drone/1-47250-B-413.wav,1-47250-B-413.wav,uav_db,no_drone,folder_name,train
data/processed/audio/drone/Membo_0_013-membo_001_.wav,Membo_0_013-membo_001_.wav,uav_db,drone,folder_name,train
data/processed/audio/drone/mixed_64-bebop_000_.wav,mixed_64-bebop_000_.wav,uav_db,drone,folder_name,train
data/processed/audio/no_drone/3-154957-A-13.wav,3-154957-A-13.wav,uav_db,no_drone,folder_name,train
data/processed/audio/no_drone/4-165791-B-450.wav,4-165791-B-450.wav,uav_db,no_drone,folder_name,train
data/processed/audio/drone/extra_membo_D2_2009.wav,extra_membo_D2_2009.wav,uav_db,drone,folder_name,train
data/processed/audio/drone/mixed_membo_7-membo_001_.wav,mixed_membo_7-membo_001_.wav,uav_db,drone,folder_name,train
data/processed/audio/no_drone/4-212728-A-340.wav,4-212728-A-340.wav,uav_db,no_drone,folder_name,train
data/processed/audio/no_drone/1-34497-A-140.wav,1-34497-A-140.wav,uav_db,no_drone,folder_name,train
data/processed/audio/no_drone/5-201170-A-460.wav,5-201170-A-460.wav,uav_db,no_drone,folder_name,train
data/processed/audio/drone/B_S2_D1_116-bebop_003_.wav,B_S2_D1_116-bebop_003_.wav,uav_db,drone,folder_name,train
data/processed/audio/drone/mixed_50-bebop_001_.wav,mixed_50-bebop_001_.wav,uav_db,drone,folder_name,train
data/processed/audio/no_drone/4-175845-A-434.wav,4-175845-A-434.wav,uav_db,no_drone,folder_name,train
data/processed/audio/drone/mixed_52-bebop_000_.wav,mixed_52-bebop_000_.wav,uav_db,drone,folder_name,train
data/processed/audio/no_drone/4-161099-B-474.wav,4-161099-B-474.wav,uav_db,no_drone,folder_name,train
data/processed/audio/no_drone/1-4211-A-122.wav,1-4211-A-122.wav,uav_db,no_drone,folder_name,train
data/processed/audio/drone/Membo_0_034-membo_000_.wav,Membo_0_034-membo_000_.wav,uav_db,drone,folder_name,train
data/processed/audio/drone/B_S2_D1_078-bebop_001_.wav,B_S2_D1_078-bebop_001_.wav,uav_db,drone,folder_name,train
data/processed/audio/drone/Membo_0_037-membo_003_.wav,Membo_0_037-membo_003_.wav,uav_db,drone,folder_name,train
data/processed/audio/no_drone/3-141559-A-451.wav,3-141559-A-451.wav,uav_db,no_drone,folder_name,train
data/processed/audio/drone/mixed_37-bebop_001_.wav,mixed_37-bebop_001_.wav,uav_db,drone,folder_name,train
data/processed/audio/no_drone/3-135650-A-452.wav,3-135650-A-452.wav,uav_db,no_drone,folder_name,train
data/processed/audio/drone/mixed_membo_14-membo_003_.wav,mixed_membo_14-membo_003_.wav,uav_db,drone,folder_name,train
data/processed/audio/drone/mixed_membo_57-membo_000_.wav,mixed_membo_57-membo_000_.wav,uav_db,drone,folder_name,train
data/processed/audio/no_drone/4-132816-A-263.wav,4-132816-A-263.wav,uav_db,no_drone,folder_name,train
data/processed/audio/no_drone/5-244178-A-320.wav,5-244178-A-320.wav,uav_db,no_drone,folder_name,train
data/processed/audio/no_drone/5-212736-A-170.wav,5-212736-A-170.wav,uav_db,no_drone,folder_name,train
data/processed/audio/drone/mixed_64-bebop_002_.wav,mixed_64-bebop_002_.wav,uav_db,drone,folder_name,train
data/processed/audio/drone/mixed_24-bebop_004_.wav,mixed_24-bebop_004_.wav,uav_db,drone,folder_name,train
data/processed/audio/drone/B_S2_D1_101-bebop_001_.wav,B_S2_D1_101-bebop_001_.wav,uav_db,drone,folder_name,train
data/processed/audio/drone/Membo_1_001-membo_000_.wav,Membo_1_001-membo_000_.wav,uav_db,drone,folder_name,train
data/processed/audio/no_drone/5-184871-A-240.wav,5-184871-A-240.wav,uav_db,no_drone,folder_name,train
data/processed/audio/no_drone/3-124795-A-283.wav,3-124795-A-283.wav,uav_db,no_drone,folder_name,train
data/processed/audio/drone/Membo_1_031-membo_000_.wav,Membo_1_031-membo_000_.wav,uav_db,drone,folder_name,train
data/processed/audio/no_drone/4-181599-A-262.wav,4-181599-A-262.wav,uav_db,no_drone,folder_name,train
data/processed/audio/drone/B_S2_D1_088-bebop_003_.wav,B_S2_D1_088-bebop_003_.wav,uav_db,drone,folder_name,train
data/processed/audio/drone/mixed_membo_52-membo_003_.wav,mixed_membo_52-membo_003_.wav,uav_db,drone,folder_name,train
data/processed/audio/drone/Membo_2_010-membo_004_.wav,Membo_2_010-membo_004_.wav,uav_db,drone,folder_name,train
data/processed/audio/no_drone/3-146965-A-53.wav,3-146965-A-53.wav,uav_db,no_drone,folder_name,train
data/processed/audio/no_drone/1-52323-A-240.wav,1-52323-A-240.wav,uav_db,no_drone,folder_name,train
data/processed/audio/no_drone/4-251645-A-494.wav,4-251645-A-494.wav,uav_db,no_drone,folder_name,train
data/processed/audio/drone/B_S2_D1_130-bebop_001_.wav,B_S2_D1_130-bebop_001_.wav,uav_db,drone,folder_name,train
data/processed/audio/drone/B_S2_D1_127-bebop_001_.wav,B_S2_D1_127-bebop_001_.wav,uav_db,drone,folder_name,train
data/processed/audio/drone/mixed_1-bebop_002_.wav,mixed_1-bebop_002_.wav,uav_db,drone,folder_name,train
data/processed/audio/no_drone/2-7321-A-331.wav,2-7321-A-331.wav,uav_db,no_drone,folder_name,train
data/processed/audio/no_drone/5-186924-A-120.wav,5-186924-A-120.wav,uav_db,no_drone,folder_name,train
data/processed/audio/no_drone/1-61221-A-171.wav,1-61221-A-171.wav,uav_db,no_drone,folder_name,train
data/processed/audio/no_drone/4-216211-A-140.wav,4-216211-A-140.wav,uav_db,no_drone,folder_name,train
data/processed/audio/no_drone/1-32579-A-291.wav,1-32579-A-291.wav,uav_db,no_drone,folder_name,train
data/processed/audio/no_drone/3-197435-A-220.wav,3-197435-A-220.wav,uav_db,no_drone,folder_name,train
data/processed/audio/drone/B_S2_D1_099-bebop_001_.wav,B_S2_D1_099-bebop_001_.wav,uav_db,drone,folder_name,train
data/processed/audio/drone/mixed_63-bebop_001_.wav,mixed_63-bebop_001_.wav,uav_db,drone,folder_name,train
data/processed/audio/no_drone/3-253084-A-24.wav,3-253084-A-24.wav,uav_db,no_drone,folder_name,train
data/processed/audio/no_drone/3-154378-A-300.wav,3-154378-A-300.wav,uav_db,no_drone,folder_name,train
data/processed/audio/drone/mixed_55-bebop_000_.wav,mixed_55-bebop_000_.wav,uav_db,drone,folder_name,train
data/processed/audio/drone/mixed_25-bebop_004_.wav,mixed_25-bebop_004_.wav,uav_db,drone,folder_name,train
data/processed/audio/no_drone/3-163288-A-11.wav,3-163288-A-11.wav,uav_db,no_drone,folder_name,train
data/processed/audio/drone/mixed_membo_18-membo_000_.wav,mixed_membo_18-membo_000_.wav,uav_db,drone,folder_name,train
data/processed/audio/drone/Membo_0_034-membo_004_.wav,Membo_0_034-membo_004_.wav,uav_db,drone,folder_name,train
data/processed/audio/drone/B_S2_D1_128-bebop_004_.wav,B_S2_D1_128-bebop_004_.wav,uav_db,drone,folder_name,train
data/processed/audio/drone/B_S2_D1_078-bebop_000_.wav,B_S2_D1_078-bebop_000_.wav,uav_db,drone,folder_name,train
data/processed/audio/no_drone/2-81731-A-104.wav,2-81731-A-104.wav,uav_db,no_drone,folder_name,train
data/processed/audio/no_drone/3-134699-A-163.wav,3-134699-A-163.wav,uav_db,no_drone,folder_name,train
data/processed/audio/drone/Membo_1_002-membo_003_.wav,Membo_1_002-membo_003_.wav,uav_db,drone,folder_name,train
data/processed/audio/drone/mixed_58-bebop_004_.wav,mixed_58-bebop_004_.wav,uav_db,drone,folder_name,train
data/processed/audio/drone/mixed_38-bebop_001_.wav,mixed_38-bebop_001_.wav,uav_db,drone,folder_name,train
data/processed/audio/no_drone/5-212050-A-271.wav,5-212050-A-271.wav,uav_db,no_drone,folder_name,train
data/processed/audio/no_drone/1-27724-A-10.wav,1-27724-A-10.wav,uav_db,no_drone,folder_name,train
data/processed/audio/no_drone/1-24074-A-434.wav,1-24074-A-434.wav,uav_db,no_drone,folder_name,train
data/processed/audio/no_drone/2-108760-A-144.wav,2-108760-A-144.wav,uav_db,no_drone,folder_name,train
data/processed/audio/drone/extra_membo_D2_2004.wav,extra_membo_D2_2004.wav,uav_db,drone,folder_name,train
data/processed/audio/drone/mixed_62-bebop_001_.wav,mixed_62-bebop_001_.wav,uav_db,drone,folder_name,train
data/processed/audio/no_drone/5-222041-A-90.wav,5-222041-A-90.wav,uav_db,no_drone,folder_name,train
data/processed/audio/drone/mixed_membo_8-membo_004_.wav,mixed_membo_8-membo_004_.wav,uav_db,drone,folder_name,train
data/processed/audio/no_drone/2-87412-A-241.wav,2-87412-A-241.wav,uav_db,no_drone,folder_name,train
data/processed/audio/drone/mixed_membo_57-membo_001_.wav,mixed_membo_57-membo_001_.wav,uav_db,drone,folder_name,train
data/processed/audio/drone/mixed_4-bebop_001_.wav,mixed_4-bebop_001_.wav,uav_db,drone,folder_name,train
data/processed/audio/drone/extra_membo_D2_2007.wav,extra_membo_D2_2007.wav,uav_db,drone,folder_name,train
data/processed/audio/drone/B_S2_D1_118-bebop_002_.wav,B_S2_D1_118-bebop_002_.wav,uav_db,drone,folder_name,train
data/processed/audio/drone/Membo_0_006-membo_000_.wav,Membo_0_006-membo_000_.wav,uav_db,drone,folder_name,train
data/processed/audio/no_drone/4-165845-B-450.wav,4-165845-B-450.wav,uav_db,no_drone,folder_name,train
data/processed/audio/no_drone/5-234247-A-370.wav,5-234247-A-370.wav,uav_db,no_drone,folder_name,train
data/processed/audio/no_drone/1-97392-A-02.wav,1-97392-A-02.wav,uav_db,no_drone,folder_name,train
data/processed/audio/drone/B_S2_D1_128-bebop_002_.wav,B_S2_D1_128-bebop_002_.wav,uav_db,drone,folder_name,train
data/processed/audio/no_drone/silence119.wav,silence119.wav,uav_db,no_drone,folder_name,train
data/processed/audio/no_drone/3-143560-A-474.wav,3-143560-A-474.wav,uav_db,no_drone,folder_name,train
data/processed/audio/drone/mixed_membo_35-membo_000_.wav,mixed_membo_35-membo_000_.wav,uav_db,drone,folder_name,train
data/processed/audio/drone/B_S2_D1_078-bebop_003_.wav,B_S2_D1_078-bebop_003_.wav,uav_db,drone,folder_name,train
data/processed/audio/no_drone/2-119161-A-83.wav,2-119161-A-83.wav,uav_db,no_drone,folder_name,train
data/processed/audio/no_drone/4-223127-A-143.wav,4-223127-A-143.wav,uav_db,no_drone,folder_name,train
data/processed/audio/drone/mixed_membo_14-membo_001_.wav,mixed_membo_14-membo_001_.wav,uav_db,drone,folder_name,train
data/processed/audio/drone/mixed_membo_39-membo_002_.wav,mixed_membo_39-membo_002_.wav,uav_db,drone,folder_name,train
data/processed/audio/drone/mixed_membo_7-membo_002_.wav,mixed_membo_7-membo_002_.wav,uav_db,drone,folder_name,train
data/processed/audio/drone/B_S2_D1_080-bebop_003_.wav,B_S2_D1_080-bebop_003_.wav,uav_db,drone,folder_name,train
data/processed/audio/no_drone/silence216.wav,silence216.wav,uav_db,no_drone,folder_name,train
data/processed/audio/no_drone/1-7973-A-7_1002.wav,1-7973-A-7_1002.wav,uav_db,no_drone,folder_name,train
data/processed/audio/no_drone/1-60997-A-201.wav,1-60997-A-201.wav,uav_db,no_drone,folder_name,train
data/processed/audio/no_drone/5-198891-A-80.wav,5-198891-A-80.wav,uav_db,no_drone,folder_name,train
data/processed/audio/drone/mixed_60-bebop_000_.wav,mixed_60-bebop_000_.wav,uav_db,drone,folder_name,train
data/processed/audio/no_drone/2-106014-A-442.wav,2-106014-A-442.wav,uav_db,no_drone,folder_name,train
data/processed/audio/drone/mixed_membo_15-membo_000_.wav,mixed_membo_15-membo_000_.wav,uav_db,drone,folder_name,train
data/processed/audio/drone/Membo_0_010-membo_004_.wav,Membo_0_010-membo_004_.wav,uav_db,drone,folder_name,train
data/processed/audio/drone/mixed_41-bebop_000_.wav,mixed_41-bebop_000_.wav,uav_db,drone,folder_name,train
data/processed/audio/drone/mixed_45-bebop_000_.wav,mixed_45-bebop_000_.wav,uav_db,drone,folder_name,train
data/processed/audio/no_drone/2-37806-A-402.wav,2-37806-A-402.wav,uav_db,no_drone,folder_name,train
data/processed/audio/no_drone/5-238938-A-270.wav,5-238938-A-270.wav,uav_db,no_drone,folder_name,train
data/processed/audio/no_drone/2-79775-A-262.wav,2-79775-A-262.wav,uav_db,no_drone,folder_name,train
data/processed/audio/drone/mixed_25-bebop_003_.wav,mixed_25-bebop_003_.wav,uav_db,drone,folder_name,train
data/processed/audio/no_drone/2-166644-A-20.wav,2-166644-A-20.wav,uav_db,no_drone,folder_name,train
data/processed/audio/drone/mixed_29-bebop_002_.wav,mixed_29-bebop_002_.wav,uav_db,drone,folder_name,train
data/processed/audio/no_drone/5-218981-A-300.wav,5-218981-A-300.wav,uav_db,no_drone,folder_name,train
data/processed/audio/drone/Membo_1_046-membo_001_.wav,Membo_1_046-membo_001_.wav,uav_db,drone,folder_name,train
data/processed/audio/drone/mixed_2-bebop_001_.wav,mixed_2-bebop_001_.wav,uav_db,drone,folder_name,train
data/processed/audio/no_drone/1-35687-A-384.wav,1-35687-A-384.wav,uav_db,no_drone,folder_name,train
data/processed/audio/drone/mixed_membo_42-membo_001_.wav,mixed_membo_42-membo_001_.wav,uav_db,drone,folder_name,train
data/processed/audio/no_drone/2-118964-A-00.wav,2-118964-A-00.wav,uav_db,no_drone,folder_name,train
data/processed/audio/drone/mixed_18-bebop_000_.wav,mixed_18-bebop_000_.wav,uav_db,drone,folder_name,train
data/processed/audio/drone/Membo_1_043-membo_001_.wav,Membo_1_043-membo_001_.wav,uav_db,drone,folder_name,train
data/processed/audio/no_drone/3-157187-A-121.wav,3-157187-A-121.wav,uav_db,no_drone,folder_name,train
data/processed/audio/no_drone/4-151242-A-373.wav,4-151242-A-373.wav,uav_db,no_drone,folder_name,train
data/processed/audio/no_drone/4-167571-A-263.wav,4-167571-A-263.wav,uav_db,no_drone,folder_name,train
data/processed/audio/no_drone/2-70366-A-331.wav,2-70366-A-331.wav,uav_db,no_drone,folder_name,train
data/processed/audio/no_drone/2-188822-C-404.wav,2-188822-C-404.wav,uav_db,no_drone,folder_name,train
data/processed/audio/drone/B_S2_D1_079-bebop_003_.wav,B_S2_D1_079-bebop_003_.wav,uav_db,drone,folder_name,train
data/processed/audio/drone/Membo_0_006-membo_003_.wav,Membo_0_006-membo_003_.wav,uav_db,drone,folder_name,train
data/processed/audio/drone/Membo_1_046-membo_002_.wav,Membo_1_046-membo_002_.wav,uav_db,drone,folder_name,train
data/processed/audio/drone/mixed_membo_32-membo_001_.wav,mixed_membo_32-membo_001_.wav,uav_db,drone,folder_name,train
data/processed/audio/drone/mixed_membo_11-membo_004_.wav,mixed_membo_11-membo_004_.wav,uav_db,drone,folder_name,train
data/processed/audio/drone/Membo_2_016-membo_002_.wav,Membo_2_016-membo_002_.wav,uav_db,drone,folder_name,train
data/processed/audio/drone/mixed_15-bebop_002_.wav,mixed_15-bebop_002_.wav,uav_db,drone,folder_name,train
data/processed/audio/drone/mixed_61-bebop_004_.wav,mixed_61-bebop_004_.wav,uav_db,drone,folder_name,train
data/processed/audio/no_drone/3-68630-A-402.wav,3-68630-A-402.wav,uav_db,no_drone,folder_name,train
data/processed/audio/no_drone/5-242932-A-262.wav,5-242932-A-262.wav,uav_db,no_drone,folder_name,train
data/processed/audio/drone/mixed_membo_65-membo_003_.wav,mixed_membo_65-membo_003_.wav,uav_db,drone,folder_name,train
data/processed/audio/drone/Membo_1_046-membo_000_.wav,Membo_1_046-membo_000_.wav,uav_db,drone,folder_name,train
data/processed/audio/drone/B_S2_D1_110-bebop_002_.wav,B_S2_D1_110-bebop_002_.wav,uav_db,drone,folder_name,train
data/processed/audio/no_drone/5-233312-A-281.wav,5-233312-A-281.wav,uav_db,no_drone,folder_name,train
data/processed/audio/drone/mixed_50-bebop_000_.wav,mixed_50-bebop_000_.wav,uav_db,drone,folder_name,train
data/processed/audio/no_drone/5-253534-A-263.wav,5-253534-A-263.wav,uav_db,no_drone,folder_name,train
data/processed/audio/no_drone/3-119120-C-483.wav,3-119120-C-483.wav,uav_db,no_drone,folder_name,train
data/processed/audio/drone/mixed_membo_15-membo_004_.wav,mixed_membo_15-membo_004_.wav,uav_db,drone,folder_name,train
data/processed/audio/drone/mixed_membo_53-membo_002_.wav,mixed_membo_53-membo_002_.wav,uav_db,drone,folder_name,train
data/processed/audio/no_drone/5-207836-C-291.wav,5-207836-C-291.wav,uav_db,no_drone,folder_name,train
data/processed/audio/drone/extra_membo_D2_2022.wav,extra_membo_D2_2022.wav,uav_db,drone,folder_name,train
data/processed/audio/no_drone/3-147965-A-122.wav,3-147965-A-122.wav,uav_db,no_drone,folder_name,train
data/processed/audio/no_drone/3-125548-A-321.wav,3-125548-A-321.wav,uav_db,no_drone,folder_name,train
data/processed/audio/no_drone/3-148297-A-373.wav,3-148297-A-373.wav,uav_db,no_drone,folder_name,train
data/processed/audio/drone/mixed_58-bebop_000_.wav,mixed_58-bebop_000_.wav,uav_db,drone,folder_name,train
data/processed/audio/drone/Membo_1_045-membo_002_.wav,Membo_1_045-membo_002_.wav,uav_db,drone,folder_name,train
data/processed/audio/drone/Membo_1_029-membo_003_.wav,Membo_1_029-membo_003_.wav,uav_db,drone,folder_name,train
data/processed/audio/drone/mixed_membo_25-membo_000_.wav,mixed_membo_25-membo_000_.wav,uav_db,drone,folder_name,train
data/processed/audio/drone/B_S2_D1_113-bebop_001_.wav,B_S2_D1_113-bebop_001_.wav,uav_db,drone,folder_name,train
data/processed/audio/drone/B_S2_D1_083-bebop_002_.wav,B_S2_D1_083-bebop_002_.wav,uav_db,drone,folder_name,train
data/processed/audio/no_drone/3-158056-A-313.wav,3-158056-A-313.wav,uav_db,no_drone,folder_name,train
data/processed/audio/no_drone/5-156999-E-193.wav,5-156999-E-193.wav,uav_db,no_drone,folder_name,train
data/processed/audio/no_drone/1-103999-A-300.wav,1-103999-A-300.wav,uav_db,no_drone,folder_name,train
data/processed/audio/drone/mixed_40-bebop_004_.wav,mixed_40-bebop_004_.wav,uav_db,drone,folder_name,train
data/processed/audio/no_drone/1-47819-A-50.wav,1-47819-A-50.wav,uav_db,no_drone,folder_name,train
data/processed/audio/no_drone/3-126391-B-273.wav,3-126391-B-273.wav,uav_db,no_drone,folder_name,train
data/processed/audio/no_drone/4-154405-B-270.wav,4-154405-B-270.wav,uav_db,no_drone,folder_name,train
data/processed/audio/drone/mixed_membo_39-membo_003_.wav,mixed_membo_39-membo_003_.wav,uav_db,drone,folder_name,train
data/processed/audio/no_drone/1-118559-A-170.wav,1-118559-A-170.wav,uav_db,no_drone,folder_name,train
data/processed/audio/drone/B_S2_D1_122-bebop_000_.wav,B_S2_D1_122-bebop_000_.wav,uav_db,drone,folder_name,train
data/processed/audio/no_drone/1-27724-A-13.wav,1-27724-A-13.wav,uav_db,no_drone,folder_name,train
data/processed/audio/drone/Membo_0_011-membo_001_.wav,Membo_0_011-membo_001_.wav,uav_db,drone,folder_name,train
data/processed/audio/drone/extra_membo_D2_2017.wav,extra_membo_D2_2017.wav,uav_db,drone,folder_name,train
data/processed/audio/no_drone/2-96063-A-373.wav,2-96063-A-373.wav,uav_db,no_drone,folder_name,train
data/processed/audio/drone/B_S2_D1_129-bebop_001_.wav,B_S2_D1_129-bebop_001_.wav,uav_db,drone,folder_name,train
data/processed/audio/no_drone/3-141240-A-442.wav,3-141240-A-442.wav,uav_db,no_drone,folder_name,train
data/processed/audio/no_drone/1-27165-A-353.wav,1-27165-A-353.wav,uav_db,no_drone,folder_name,train
data/processed/audio/no_drone/2-209478-A-253.wav,2-209478-A-253.wav,uav_db,no_drone,folder_name,train
data/processed/audio/no_drone/3-159346-B-362.wav,3-159346-B-362.wav,uav_db,no_drone,folder_name,train
data/processed/audio/drone/mixed_membo_24-membo_002_.wav,mixed_membo_24-membo_002_.wav,uav_db,drone,folder_name,train
data/processed/audio/no_drone/4-156993-A-191.wav,4-156993-A-191.wav,uav_db,no_drone,folder_name,train
data/processed/audio/drone/mixed_23-bebop_000_.wav,mixed_23-bebop_000_.wav,uav_db,drone,folder_name,train
data/processed/audio/drone/B_S2_D1_087-bebop_000_.wav,B_S2_D1_087-bebop_000_.wav,uav_db,drone,folder_name,train
data/processed/audio/no_drone/2-109371-A-162.wav,2-109371-A-162.wav,uav_db,no_drone,folder_name,train
data/processed/audio/drone/Membo_0_009-membo_002_.wav,Membo_0_009-membo_002_.wav,uav_db,drone,folder_name,train
data/processed/audio/no_drone/2-184077-A-490.wav,2-184077-A-490.wav,uav_db,no_drone,folder_name,train
data/processed/audio/drone/mixed_membo_32-membo_000_.wav,mixed_membo_32-membo_000_.wav,uav_db,drone,folder_name,train
data/processed/audio/no_drone/3-188390-A-62.wav,3-188390-A-62.wav,uav_db,no_drone,folder_name,train
data/processed/audio/no_drone/1-115545-C-481.wav,1-115545-C-481.wav,uav_db,no_drone,folder_name,train
data/processed/audio/no_drone/1-58846-A-343.wav,1-58846-A-343.wav,uav_db,no_drone,folder_name,train
data/processed/audio/drone/Yuneec_Typhoon_H_Plus_26.wav,Yuneec_Typhoon_H_Plus_26.wav,uav_db,drone,folder_name,train
data/processed/audio/drone/mixed_membo_21-membo_004_.wav,mixed_membo_21-membo_004_.wav,uav_db,drone,folder_name,train
data/processed/audio/drone/B_S2_D1_122-bebop_004_.wav,B_S2_D1_122-bebop_004_.wav,uav_db,drone,folder_name,train
data/processed/audio/no_drone/5-191131-A-400.wav,5-191131-A-400.wav,uav_db,no_drone,folder_name,train
data/processed/audio/drone/B_S2_D1_091-bebop_004_.wav,B_S2_D1_091-bebop_004_.wav,uav_db,drone,folder_name,train
data/processed/audio/drone/mixed_membo_7-membo_004_.wav,mixed_membo_7-membo_004_.wav,uav_db,drone,folder_name,train
data/processed/audio/drone/mixed_34-bebop_003_.wav,mixed_34-bebop_003_.wav,uav_db,drone,folder_name,train
data/processed/audio/no_drone/4-154793-A-44.wav,4-154793-A-44.wav,uav_db,no_drone,folder_name,train
data/processed/audio/no_drone/5-253534-A-260.wav,5-253534-A-260.wav,uav_db,no_drone,folder_name,train
data/processed/audio/drone/mixed_membo_26-membo_004_.wav,mixed_membo_26-membo_004_.wav,uav_db,drone,folder_name,train
data/processed/audio/no_drone/3-111102-B-460.wav,3-111102-B-460.wav,uav_db,no_drone,folder_name,train
data/processed/audio/drone/extra_membo_D2_2019.wav,extra_membo_D2_2019.wav,uav_db,drone,folder_name,train
data/processed/audio/no_drone/3-110913-B-74.wav,3-110913-B-74.wav,uav_db,no_drone,folder_name,train
data/processed/audio/drone/mixed_membo_9-membo_001_.wav,mixed_membo_9-membo_001_.wav,uav_db,drone,folder_name,train
data/processed/audio/no_drone/1-7057-A-120.wav,1-7057-A-120.wav,uav_db,no_drone,folder_name,train
data/processed/audio/drone/B_S2_D1_108-bebop_002_.wav,B_S2_D1_108-bebop_002_.wav,uav_db,drone,folder_name,train
data/processed/audio/drone/B_S2_D1_081-bebop_004_.wav,B_S2_D1_081-bebop_004_.wav,uav_db,drone,folder_name,train
data/processed/audio/drone/B_S2_D1_131-bebop_000_.wav,B_S2_D1_131-bebop_000_.wav,uav_db,drone,folder_name,train
data/processed/audio/no_drone/4-175856-A-434.wav,4-175856-A-434.wav,uav_db,no_drone,folder_name,train
data/processed/audio/drone/Membo_0_016-membo_000_.wav,Membo_0_016-membo_000_.wav,uav_db,drone,folder_name,train
data/processed/audio/drone/B_S2_D1_103-bebop_002_.wav,B_S2_D1_103-bebop_002_.wav,uav_db,drone,folder_name,train
data/processed/audio/drone/mixed_membo_23-membo_000_.wav,mixed_membo_23-membo_000_.wav,uav_db,drone,folder_name,train
data/processed/audio/no_drone/1-64398-B-413.wav,1-64398-B-413.wav,uav_db,no_drone,folder_name,train
data/processed/audio/drone/mixed_membo_24-membo_000_.wav,mixed_membo_24-membo_000_.wav,uav_db,drone,folder_name,train
data/processed/audio/no_drone/1-18755-A-44.wav,1-18755-A-44.wav,uav_db,no_drone,folder_name,train
data/processed/audio/drone/Syma_X8SW_87.wav,Syma_X8SW_87.wav,uav_db,drone,folder_name,train
data/processed/audio/no_drone/5-215445-A-473.wav,5-215445-A-473.wav,uav_db,no_drone,folder_name,train
data/processed/audio/no_drone/2-103426-A-32.wav,2-103426-A-32.wav,uav_db,no_drone,folder_name,train
data/processed/audio/drone/mixed_29-bebop_001_.wav,mixed_29-bebop_001_.wav,uav_db,drone,folder_name,train
data/processed/audio/drone/Membo_0_015-membo_001_.wav,Membo_0_015-membo_001_.wav,uav_db,drone,folder_name,train
data/processed/audio/no_drone/4-188033-A-382.wav,4-188033-A-382.wav,uav_db,no_drone,folder_name,train
data/processed/audio/no_drone/2-188822-D-400.wav,2-188822-D-400.wav,uav_db,no_drone,folder_name,train
data/processed/audio/no_drone/2-32515-C-42.wav,2-32515-C-42.wav,uav_db,no_drone,folder_name,train
data/processed/audio/no_drone/2-104105-A-193.wav,2-104105-A-193.wav,uav_db,no_drone,folder_name,train
data/processed/audio/no_drone/5-202020-A-183.wav,5-202020-A-183.wav,uav_db,no_drone,folder_name,train
data/processed/audio/drone/mixed_membo_6-membo_002_.wav,mixed_membo_6-membo_002_.wav,uav_db,drone,folder_name,train
data/processed/audio/no_drone/4-186693-A-170.wav,4-186693-A-170.wav,uav_db,no_drone,folder_name,train
data/processed/audio/drone/mixed_membo_57-membo_003_.wav,mixed_membo_57-membo_003_.wav,uav_db,drone,folder_name,train
data/processed/audio/no_drone/3-136288-A-03.wav,3-136288-A-03.wav,uav_db,no_drone,folder_name,train
data/processed/audio/no_drone/2-141681-B-364.wav,2-141681-B-364.wav,uav_db,no_drone,folder_name,train
data/processed/audio/no_drone/2-70344-A-330.wav,2-70344-A-330.wav,uav_db,no_drone,folder_name,train
data/processed/audio/no_drone/4-197103-A-60.wav,4-197103-A-60.wav,uav_db,no_drone,folder_name,train
data/processed/audio/no_drone/2-125520-A-433.wav,2-125520-A-433.wav,uav_db,no_drone,folder_name,train
data/processed/audio/no_drone/2-57191-A-464.wav,2-57191-A-464.wav,uav_db,no_drone,folder_name,train
data/processed/audio/no_drone/3-143933-A-384.wav,3-143933-A-384.wav,uav_db,no_drone,folder_name,train
data/processed/audio/no_drone/3-119120-C-482.wav,3-119120-C-482.wav,uav_db,no_drone,folder_name,train
data/processed/audio/drone/mixed_13-bebop_004_.wav,mixed_13-bebop_004_.wav,uav_db,drone,folder_name,train
data/processed/audio/no_drone/3-111102-B-464.wav,3-111102-B-464.wav,uav_db,no_drone,folder_name,train
data/processed/audio/no_drone/5-221950-A-220.wav,5-221950-A-220.wav,uav_db,no_drone,folder_name,train
data/processed/audio/drone/Membo_0_013-membo_002_.wav,Membo_0_013-membo_002_.wav,uav_db,drone,folder_name,train
data/processed/audio/drone/B_S2_D1_115-bebop_002_.wav,B_S2_D1_115-bebop_002_.wav,uav_db,drone,folder_name,train
data/processed/audio/no_drone/3-141684-A-214.wav,3-141684-A-214.wav,uav_db,no_drone,folder_name,train
data/processed/audio/no_drone/2-209473-A-252.wav,2-209473-A-252.wav,uav_db,no_drone,folder_name,train
data/processed/audio/drone/B_S2_D1_099-bebop_004_.wav,B_S2_D1_099-bebop_004_.wav,uav_db,drone,folder_name,train
data/processed/audio/drone/B_S2_D1_129-bebop_002_.wav,B_S2_D1_129-bebop_002_.wav,uav_db,drone,folder_name,train
data/processed/audio/no_drone/3-137152-A-10.wav,3-137152-A-10.wav,uav_db,no_drone,folder_name,train
data/processed/audio/drone/mixed_membo_50-membo_001_.wav,mixed_membo_50-membo_001_.wav,uav_db,drone,folder_name,train
data/processed/audio/no_drone/1-72695-A-264.wav,1-72695-A-264.wav,uav_db,no_drone,folder_name,train
data/processed/audio/no_drone/1-18527-B-441.wav,1-18527-B-441.wav,uav_db,no_drone,folder_name,train
data/processed/audio/no_drone/3-169907-A-291.wav,3-169907-A-291.wav,uav_db,no_drone,folder_name,train
data/processed/audio/drone/Membo_0_011-membo_002_.wav,Membo_0_011-membo_002_.wav,uav_db,drone,folder_name,train
data/processed/audio/drone/mixed_membo_52-membo_001_.wav,mixed_membo_52-membo_001_.wav,uav_db,drone,folder_name,train
data/processed/audio/drone/Membo_1_043-membo_000_.wav,Membo_1_043-membo_000_.wav,uav_db,drone,folder_name,train
data/processed/audio/no_drone/2-76408-C-221.wav,2-76408-C-221.wav,uav_db,no_drone,folder_name,train
data/processed/audio/drone/Membo_0_007-membo_000_.wav,Membo_0_007-membo_000_.wav,uav_db,drone,folder_name,train
data/processed/audio/no_drone/2-103426-A-33.wav,2-103426-A-33.wav,uav_db,no_drone,folder_name,train
data/processed/audio/drone/mixed_28-bebop_001_.wav,mixed_28-bebop_001_.wav,uav_db,drone,folder_name,train
data/processed/audio/drone/Membo_2_020-membo_001_.wav,Membo_2_020-membo_001_.wav,uav_db,drone,folder_name,train
data/processed/audio/drone/mixed_1-bebop_003_.wav,mixed_1-bebop_003_.wav,uav_db,drone,folder_name,train
data/processed/audio/drone/mixed_19-bebop_004_.wav,mixed_19-bebop_004_.wav,uav_db,drone,folder_name,train
data/processed/audio/drone/mixed_membo_37-membo_001_.wav,mixed_membo_37-membo_001_.wav,uav_db,drone,folder_name,train
data/processed/audio/no_drone/2-37806-B-403.wav,2-37806-B-403.wav,uav_db,no_drone,folder_name,train
data/processed/audio/drone/mixed_56-bebop_004_.wav,mixed_56-bebop_004_.wav,uav_db,drone,folder_name,train
data/processed/audio/drone/B_S2_D1_091-bebop_000_.wav,B_S2_D1_091-bebop_000_.wav,uav_db,drone,folder_name,train
data/processed/audio/drone/mixed_30-bebop_001_.wav,mixed_30-bebop_001_.wav,uav_db,drone,folder_name,train
data/processed/audio/no_drone/1-68670-A-341.wav,1-68670-A-341.wav,uav_db,no_drone,folder_name,train
data/processed/audio/no_drone/3-127890-B-90.wav,3-127890-B-90.wav,uav_db,no_drone,folder_name,train
data/processed/audio/drone/B_S2_D1_124-bebop_002_.wav,B_S2_D1_124-bebop_002_.wav,uav_db,drone,folder_name,train
data/processed/audio/drone/Membo_0_000-membo_004_.wav,Membo_0_000-membo_004_.wav,uav_db,drone,folder_name,train
data/processed/audio/drone/B_S2_D1_069-bebop_000_.wav,B_S2_D1_069-bebop_000_.wav,uav_db,drone,folder_name,train
data/processed/audio/drone/mixed_61-bebop_002_.wav,mixed_61-bebop_002_.wav,uav_db,drone,folder_name,train
data/processed/audio/no_drone/5-212059-A-361.wav,5-212059-A-361.wav,uav_db,no_drone,folder_name,train
data/processed/audio/drone/B_S2_D1_104-bebop_001_.wav,B_S2_D1_104-bebop_001_.wav,uav_db,drone,folder_name,train
data/processed/audio/no_drone/2-60791-A-260.wav,2-60791-A-260.wav,uav_db,no_drone,folder_name,train
data/processed/audio/drone/Membo_0_008-membo_001_.wav,Membo_0_008-membo_001_.wav,uav_db,drone,folder_name,train
data/processed/audio/drone/B_S2_D1_083-bebop_004_.wav,B_S2_D1_083-bebop_004_.wav,uav_db,drone,folder_name,train
data/processed/audio/drone/extra_membo_D2_2015.wav,extra_membo_D2_2015.wav,uav_db,drone,folder_name,train
data/processed/audio/no_drone/1-17808-A-123.wav,1-17808-A-123.wav,uav_db,no_drone,folder_name,train
data/processed/audio/drone/extra_membo_D2_2031.wav,extra_membo_D2_2031.wav,uav_db,drone,folder_name,train
data/processed/audio/drone/mixed_57-bebop_003_.wav,mixed_57-bebop_003_.wav,uav_db,drone,folder_name,train
data/processed/audio/drone/mixed_58-bebop_001_.wav,mixed_58-bebop_001_.wav,uav_db,drone,folder_name,train
data/processed/audio/no_drone/3-151557-A-281.wav,3-151557-A-281.wav,uav_db,no_drone,folder_name,train
data/processed/audio/drone/B_S2_D1_098-bebop_002_.wav,B_S2_D1_098-bebop_002_.wav,uav_db,drone,folder_name,train
data/processed/audio/drone/DJI_FPV_33.wav,DJI_FPV_33.wav,uav_db,drone,folder_name,train
data/processed/audio/drone/Membo_0_016-membo_002_.wav,Membo_0_016-membo_002_.wav,uav_db,drone,folder_name,train
data/processed/audio/no_drone/5-222894-A-320.wav,5-222894-A-320.wav,uav_db,no_drone,folder_name,train
data/processed/audio/drone/B_S2_D1_074-bebop_001_.wav,B_S2_D1_074-bebop_001_.wav,uav_db,drone,folder_name,train
data/processed/audio/drone/mixed_membo_51-membo_000_.wav,mixed_membo_51-membo_000_.wav,uav_db,drone,folder_name,train
data/processed/audio/no_drone/1-67432-A-273.wav,1-67432-A-273.wav,uav_db,no_drone,folder_name,train
data/processed/audio/no_drone/2-139748-A-152.wav,2-139748-A-152.wav,uav_db,no_drone,folder_name,train
data/processed/audio/drone/mixed_59-bebop_003_.wav,mixed_59-bebop_003_.wav,uav_db,drone,folder_name,train
data/processed/audio/no_drone/1-172649-D-400.wav,1-172649-D-400.wav,uav_db,no_drone,folder_name,train
data/processed/audio/no_drone/2-64963-A-154.wav,2-64963-A-154.wav,uav_db,no_drone,folder_name,train
data/processed/audio/drone/mixed_membo_3-membo_000_.wav,mixed_membo_3-membo_000_.wav,uav_db,drone,folder_name,train
data/processed/audio/no_drone/4-163609-B-164.wav,4-163609-B-164.wav,uav_db,no_drone,folder_name,train
data/processed/audio/no_drone/5-263490-A-251.wav,5-263490-A-251.wav,uav_db,no_drone,folder_name,train
data/processed/audio/no_drone/5-187201-A-44.wav,5-187201-A-44.wav,uav_db,no_drone,folder_name,train
data/processed/audio/drone/Membo_0_041-membo_000_.wav,Membo_0_041-membo_000_.wav,uav_db,drone,folder_name,train
data/processed/audio/drone/Membo_0_041-membo_004_.wav,Membo_0_041-membo_004_.wav,uav_db,drone,folder_name,train
data/processed/audio/no_drone/5-253094-C-491.wav,5-253094-C-491.wav,uav_db,no_drone,folder_name,train
data/processed/audio/drone/mixed_membo_29-membo_004_.wav,mixed_membo_29-membo_004_.wav,uav_db,drone,folder_name,train
data/processed/audio/no_drone/2-122763-B-293.wav,2-122763-B-293.wav,uav_db,no_drone,folder_name,train
data/processed/audio/drone/B_S2_D1_068-bebop_002_.wav,B_S2_D1_068-bebop_002_.wav,uav_db,drone,folder_name,train
data/processed/audio/drone/mixed_membo_56-membo_004_.wav,mixed_membo_56-membo_004_.wav,uav_db,drone,folder_name,train
data/processed/audio/no_drone/2-43802-A-424.wav,2-43802-A-424.wav,uav_db,no_drone,folder_name,train
data/processed/audio/no_drone/4-198841-A-372.wav,4-198841-A-372.wav,uav_db,no_drone,folder_name,train
data/processed/audio/drone/mixed_22-bebop_002_.wav,mixed_22-bebop_002_.wav,uav_db,drone,folder_name,train
data/processed/audio/no_drone/5-242711-A-91.wav,5-242711-A-91.wav,uav_db,no_drone,folder_name,train
data/processed/audio/drone/mixed_33-bebop_003_.wav,mixed_33-bebop_003_.wav,uav_db,drone,folder_name,train
data/processed/audio/drone/B_S2_D1_095-bebop_003_.wav,B_S2_D1_095-bebop_003_.wav,uav_db,drone,folder_name,train
data/processed/audio/drone/mixed_6-bebop_004_.wav,mixed_6-bebop_004_.wav,uav_db,drone,folder_name,train
data/processed/audio/no_drone/4-210593-A-291.wav,4-210593-A-291.wav,uav_db,no_drone,folder_name,train
data/processed/audio/no_drone/2-64963-A-150.wav,2-64963-A-150.wav,uav_db,no_drone,folder_name,train
data/processed/audio/drone/mixed_55-bebop_003_.wav,mixed_55-bebop_003_.wav,uav_db,drone,folder_name,train
data/processed/audio/drone/Membo_1_033-membo_004_.wav,Membo_1_033-membo_004_.wav,uav_db,drone,folder_name,train
data/processed/audio/drone/mixed_membo_59-membo_004_.wav,mixed_membo_59-membo_004_.wav,uav_db,drone,folder_name,train
data/processed/audio/no_drone/4-161579-A-404.wav,4-161579-A-404.wav,uav_db,no_drone,folder_name,train
data/processed/audio/drone/B_S2_D1_093-bebop_000_.wav,B_S2_D1_093-bebop_000_.wav,uav_db,drone,folder_name,train
data/processed/audio/drone/Membo_1_030-membo_004_.wav,Membo_1_030-membo_004_.wav,uav_db,drone,folder_name,train
data/processed/audio/no_drone/5-188796-A-454.wav,5-188796-A-454.wav,uav_db,no_drone,folder_name,train
data/processed/audio/no_drone/1-30214-A-182.wav,1-30214-A-182.wav,uav_db,no_drone,folder_name,train
data/processed/audio/drone/mixed_membo_43-membo_003_.wav,mixed_membo_43-membo_003_.wav,uav_db,drone,folder_name,train
data/processed/audio/no_drone/4-191327-A-381.wav,4-191327-A-381.wav,uav_db,no_drone,folder_name,train
data/processed/audio/no_drone/4-186940-A-441.wav,4-186940-A-441.wav,uav_db,no_drone,folder_name,train
data/processed/audio/drone/Membo_2_014-membo_003_.wav,Membo_2_014-membo_003_.wav,uav_db,drone,folder_name,train
data/processed/audio/no_drone/3-151080-A-201.wav,3-151080-A-201.wav,uav_db,no_drone,folder_name,train
data/processed/audio/no_drone/4-170247-A-123.wav,4-170247-A-123.wav,uav_db,no_drone,folder_name,train
data/processed/audio/no_drone/3-149042-A-243.wav,3-149042-A-243.wav,uav_db,no_drone,folder_name,train
data/processed/audio/drone/mixed_66-bebop_003_.wav,mixed_66-bebop_003_.wav,uav_db,drone,folder_name,train
data/processed/audio/drone/Membo_0_002-membo_003_.wav,Membo_0_002-membo_003_.wav,uav_db,drone,folder_name,train
data/processed/audio/drone/Hover_X1_12.wav,Hover_X1_12.wav,uav_db,drone,folder_name,train
data/processed/audio/no_drone/4-253649-A-61.wav,4-253649-A-61.wav,uav_db,no_drone,folder_name,train
data/processed/audio/no_drone/5-260875-A-352.wav,5-260875-A-352.wav,uav_db,no_drone,folder_name,train
data/processed/audio/drone/mixed_65-bebop_001_.wav,mixed_65-bebop_001_.wav,uav_db,drone,folder_name,train
data/processed/audio/no_drone/1-54752-A-183.wav,1-54752-A-183.wav,uav_db,no_drone,folder_name,train
data/processed/audio/drone/mixed_membo_49-membo_003_.wav,mixed_membo_49-membo_003_.wav,uav_db,drone,folder_name,train
data/processed/audio/drone/extra_membo_D2_2001.wav,extra_membo_D2_2001.wav,uav_db,drone,folder_name,train
data/processed/audio/drone/B_S2_D1_074-bebop_002_.wav,B_S2_D1_074-bebop_002_.wav,uav_db,drone,folder_name,train
data/processed/audio/drone/B_S2_D1_084-bebop_004_.wav,B_S2_D1_084-bebop_004_.wav,uav_db,drone,folder_name,train
data/processed/audio/drone/mixed_membo_60-membo_003_.wav,mixed_membo_60-membo_003_.wav,uav_db,drone,folder_name,train
data/processed/audio/no_drone/1-22804-A-461.wav,1-22804-A-461.wav,uav_db,no_drone,folder_name,train
data/processed/audio/no_drone/4-223125-A-143.wav,4-223125-A-143.wav,uav_db,no_drone,folder_name,train
data/processed/audio/drone/mixed_37-bebop_003_.wav,mixed_37-bebop_003_.wav,uav_db,drone,folder_name,train
data/processed/audio/drone/Membo_1_048-membo_004_.wav,Membo_1_048-membo_004_.wav,uav_db,drone,folder_name,train
data/processed/audio/drone/B_S2_D1_129-bebop_003_.wav,B_S2_D1_129-bebop_003_.wav,uav_db,drone,folder_name,train
data/processed/audio/no_drone/2-65750-A-12.wav,2-65750-A-12.wav,uav_db,no_drone,folder_name,train
data/processed/audio/drone/mixed_membo_54-membo_001_.wav,mixed_membo_54-membo_001_.wav,uav_db,drone,folder_name,train
data/processed/audio/drone/mixed_membo_11-membo_001_.wav,mixed_membo_11-membo_001_.wav,uav_db,drone,folder_name,train
data/processed/audio/drone/Membo_1_030-membo_001_.wav,Membo_1_030-membo_001_.wav,uav_db,drone,folder_name,train
data/processed/audio/no_drone/4-154405-B-271.wav,4-154405-B-271.wav,uav_db,no_drone,folder_name,train
data/processed/audio/no_drone/5-253085-B-31.wav,5-253085-B-31.wav,uav_db,no_drone,folder_name,train
data/processed/audio/drone/mixed_54-bebop_000_.wav,mixed_54-bebop_000_.wav,uav_db,drone,folder_name,train
data/processed/audio/no_drone/3-197408-B-81.wav,3-197408-B-81.wav,uav_db,no_drone,folder_name,train
data/processed/audio/drone/B_S2_D1_097-bebop_000_.wav,B_S2_D1_097-bebop_000_.wav,uav_db,drone,folder_name,train
data/processed/audio/drone/B_S2_D1_106-bebop_000_.wav,B_S2_D1_106-bebop_000_.wav,uav_db,drone,folder_name,train
data/processed/audio/drone/Membo_2_019-membo_001_.wav,Membo_2_019-membo_001_.wav,uav_db,drone,folder_name,train
data/processed/audio/drone/Membo_0_010-membo_002_.wav,Membo_0_010-membo_002_.wav,uav_db,drone,folder_name,train
data/processed/audio/no_drone/5-215005-A-322.wav,5-215005-A-322.wav,uav_db,no_drone,folder_name,train
data/processed/audio/no_drone/5-198891-B-83.wav,5-198891-B-83.wav,uav_db,no_drone,folder_name,train
data/processed/audio/no_drone/1-56380-A-53.wav,1-56380-A-53.wav,uav_db,no_drone,folder_name,train
data/processed/audio/drone/mixed_membo_61-membo_000_.wav,mixed_membo_61-membo_000_.wav,uav_db,drone,folder_name,train
data/processed/audio/no_drone/2-96460-A-13.wav,2-96460-A-13.wav,uav_db,no_drone,folder_name,train
data/processed/audio/drone/B_S2_D1_067-bebop_003_.wav,B_S2_D1_067-bebop_003_.wav,uav_db,drone,folder_name,train
data/processed/audio/no_drone/5-189237-A-124.wav,5-189237-A-124.wav,uav_db,no_drone,folder_name,train
data/processed/audio/no_drone/3-151206-A-233.wav,3-151206-A-233.wav,uav_db,no_drone,folder_name,train
data/processed/audio/no_drone/4-184237-A-283.wav,4-184237-A-283.wav,uav_db,no_drone,folder_name,train
data/processed/audio/no_drone/5-177957-A-401.wav,5-177957-A-401.wav,uav_db,no_drone,folder_name,train
data/processed/audio/no_drone/3-143119-A-211.wav,3-143119-A-211.wav,uav_db,no_drone,folder_name,train
data/processed/audio/drone/mixed_membo_3-membo_002_.wav,mixed_membo_3-membo_002_.wav,uav_db,drone,folder_name,train
data/processed/audio/drone/B_S2_D1_102-bebop_003_.wav,B_S2_D1_102-bebop_003_.wav,uav_db,drone,folder_name,train
data/processed/audio/no_drone/1-32318-A-00.wav,1-32318-A-00.wav,uav_db,no_drone,folder_name,train
data/processed/audio/drone/mixed_membo_13-membo_000_.wav,mixed_membo_13-membo_000_.wav,uav_db,drone,folder_name,train
data/processed/audio/no_drone/2-72547-A-141.wav,2-72547-A-141.wav,uav_db,no_drone,folder_name,train
data/processed/audio/no_drone/2-138465-A-431.wav,2-138465-A-431.wav,uav_db,no_drone,folder_name,train
data/processed/audio/no_drone/3-151089-A-304.wav,3-151089-A-304.wav,uav_db,no_drone,folder_name,train
data/processed/audio/drone/mixed_membo_20-membo_004_.wav,mixed_membo_20-membo_004_.wav,uav_db,drone,folder_name,train
data/processed/audio/drone/B_S2_D1_119-bebop_002_.wav,B_S2_D1_119-bebop_002_.wav,uav_db,drone,folder_name,train
data/processed/audio/no_drone/4-191015-A-431.wav,4-191015-A-431.wav,uav_db,no_drone,folder_name,train
data/processed/audio/no_drone/2-117271-A-02.wav,2-117271-A-02.wav,uav_db,no_drone,folder_name,train
data/processed/audio/drone/mixed_membo_8-membo_003_.wav,mixed_membo_8-membo_003_.wav,uav_db,drone,folder_name,train
data/processed/audio/drone/Membo_0_009-membo_001_.wav,Membo_0_009-membo_001_.wav,uav_db,drone,folder_name,train
data/processed/audio/drone/mixed_membo_10-membo_001_.wav,mixed_membo_10-membo_001_.wav,uav_db,drone,folder_name,train
data/processed/audio/drone/mixed_membo_5-membo_003_.wav,mixed_membo_5-membo_003_.wav,uav_db,drone,folder_name,train
data/processed/audio/drone/mixed_12-bebop_002_.wav,mixed_12-bebop_002_.wav,uav_db,drone,folder_name,train
data/processed/audio/no_drone/3-142006-A-100.wav,3-142006-A-100.wav,uav_db,no_drone,folder_name,train
data/processed/audio/drone/B_S2_D1_078-bebop_004_.wav,B_S2_D1_078-bebop_004_.wav,uav_db,drone,folder_name,train
data/processed/audio/drone/Membo_0_007-membo_003_.wav,Membo_0_007-membo_003_.wav,uav_db,drone,folder_name,train
data/processed/audio/drone/mixed_46-bebop_004_.wav,mixed_46-bebop_004_.wav,uav_db,drone,folder_name,train
data/processed/audio/drone/mixed_membo_65-membo_000_.wav,mixed_membo_65-membo_000_.wav,uav_db,drone,folder_name,train
data/processed/audio/drone/B_S2_D1_121-bebop_000_.wav,B_S2_D1_121-bebop_000_.wav,uav_db,drone,folder_name,train
data/processed/audio/drone/Membo_1_034-membo_001_.wav,Membo_1_034-membo_001_.wav,uav_db,drone,folder_name,train
data/processed/audio/drone/Membo_2_020-membo_002_.wav,Membo_2_020-membo_002_.wav,uav_db,drone,folder_name,train
data/processed/audio/drone/B_S2_D1_087-bebop_003_.wav,B_S2_D1_087-bebop_003_.wav,uav_db,drone,folder_name,train
data/processed/audio/drone/mixed_66-bebop_001_.wav,mixed_66-bebop_001_.wav,uav_db,drone,folder_name,train
data/processed/audio/no_drone/5-214759-B-50.wav,5-214759-B-50.wav,uav_db,no_drone,folder_name,train
data/processed/audio/no_drone/1-60997-B-204.wav,1-60997-B-204.wav,uav_db,no_drone,folder_name,train
data/processed/audio/drone/mixed_8-bebop_000_.wav,mixed_8-bebop_000_.wav,uav_db,drone,folder_name,train
data/processed/audio/no_drone/3-151269-A-353.wav,3-151269-A-353.wav,uav_db,no_drone,folder_name,train
data/processed/audio/no_drone/5-188796-A-453.wav,5-188796-A-453.wav,uav_db,no_drone,folder_name,train
data/processed/audio/no_drone/2-39945-B-193.wav,2-39945-B-193.wav,uav_db,no_drone,folder_name,train
data/processed/audio/drone/Membo_2_017-membo_000_.wav,Membo_2_017-membo_000_.wav,uav_db,drone,folder_name,train
data/processed/audio/drone/mixed_11-bebop_002_.wav,mixed_11-bebop_002_.wav,uav_db,drone,folder_name,train
data/processed/audio/no_drone/2-107351-B-202.wav,2-107351-B-202.wav,uav_db,no_drone,folder_name,train
data/processed/audio/drone/mixed_37-bebop_000_.wav,mixed_37-bebop_000_.wav,uav_db,drone,folder_name,train
data/processed/audio/drone/mixed_membo_54-membo_000_.wav,mixed_membo_54-membo_000_.wav,uav_db,drone,folder_name,train
data/processed/audio/drone/mixed_membo_2-membo_003_.wav,mixed_membo_2-membo_003_.wav,uav_db,drone,folder_name,train
data/processed/audio/no_drone/3-170574-A-300.wav,3-170574-A-300.wav,uav_db,no_drone,folder_name,train
data/processed/audio/drone/Membo_0_012-membo_004_.wav,Membo_0_012-membo_004_.wav,uav_db,drone,folder_name,train
data/processed/audio/drone/Membo_2_017-membo_004_.wav,Membo_2_017-membo_004_.wav,uav_db,drone,folder_name,train
data/processed/audio/drone/mixed_membo_30-membo_000_.wav,mixed_membo_30-membo_000_.wav,uav_db,drone,folder_name,train
data/processed/audio/drone/mixed_membo_18-membo_004_.wav,mixed_membo_18-membo_004_.wav,uav_db,drone,folder_name,train
data/processed/audio/no_drone/3-154781-A-324.wav,3-154781-A-324.wav,uav_db,no_drone,folder_name,train
data/processed/audio/no_drone/3-155578-A-142.wav,3-155578-A-142.wav,uav_db,no_drone,folder_name,train
data/processed/audio/drone/mixed_44-bebop_001_.wav,mixed_44-bebop_001_.wav,uav_db,drone,folder_name,train
data/processed/audio/drone/mixed_membo_64-membo_000_.wav,mixed_membo_64-membo_000_.wav,uav_db,drone,folder_name,train
data/processed/audio/no_drone/2-118459-A-324.wav,2-118459-A-324.wav,uav_db,no_drone,folder_name,train
data/processed/audio/drone/mixed_39-bebop_000_.wav,mixed_39-bebop_000_.wav,uav_db,drone,folder_name,train
data/processed/audio/drone/mixed_membo_32-membo_002_.wav,mixed_membo_32-membo_002_.wav,uav_db,drone,folder_name,train
data/processed/audio/drone/mixed_membo_38-membo_001_.wav,mixed_membo_38-membo_001_.wav,uav_db,drone,folder_name,train
data/processed/audio/no_drone/3-157615-A-100.wav,3-157615-A-100.wav,uav_db,no_drone,folder_name,train
data/processed/audio/drone/mixed_32-bebop_002_.wav,mixed_32-bebop_002_.wav,uav_db,drone,folder_name,train
data/processed/audio/drone/Membo_2_018-membo_000_.wav,Membo_2_018-membo_000_.wav,uav_db,drone,folder_name,train
data/processed/audio/drone/mixed_12-bebop_001_.wav,mixed_12-bebop_001_.wav,uav_db,drone,folder_name,train
data/processed/audio/no_drone/1-208757-A-21.wav,1-208757-A-21.wav,uav_db,no_drone,folder_name,train
data/processed/audio/drone/B_S2_D1_102-bebop_002_.wav,B_S2_D1_102-bebop_002_.wav,uav_db,drone,folder_name,train
data/processed/audio/drone/Membo_0_036-membo_002_.wav,Membo_0_036-membo_002_.wav,uav_db,drone,folder_name,train
data/processed/audio/no_drone/2-108761-A-141.wav,2-108761-A-141.wav,uav_db,no_drone,folder_name,train
data/processed/audio/drone/Membo_1_043-membo_003_.wav,Membo_1_043-membo_003_.wav,uav_db,drone,folder_name,train
data/processed/audio/drone/mixed_9-bebop_001_.wav,mixed_9-bebop_001_.wav,uav_db,drone,folder_name,train
data/processed/audio/drone/mixed_membo_59-membo_003_.wav,mixed_membo_59-membo_003_.wav,uav_db,drone,folder_name,train
data/processed/audio/no_drone/1-54747-A-460.wav,1-54747-A-460.wav,uav_db,no_drone,folder_name,train
data/processed/audio/drone/B_S2_D1_092-bebop_000_.wav,B_S2_D1_092-bebop_000_.wav,uav_db,drone,folder_name,train
data/processed/audio/no_drone/3-142601-A-213.wav,3-142601-A-213.wav,uav_db,no_drone,folder_name,train
data/processed/audio/no_drone/2-81270-A-12.wav,2-81270-A-12.wav,uav_db,no_drone,folder_name,train
data/processed/audio/drone/mixed_membo_38-membo_002_.wav,mixed_membo_38-membo_002_.wav,uav_db,drone,folder_name,train
data/processed/audio/no_drone/2-103427-A-33.wav,2-103427-A-33.wav,uav_db,no_drone,folder_name,train
data/processed/audio/drone/B_S2_D1_098-bebop_000_.wav,B_S2_D1_098-bebop_000_.wav,uav_db,drone,folder_name,train
data/processed/audio/no_drone/3-171041-A-381.wav,3-171041-A-381.wav,uav_db,no_drone,folder_name,train
data/processed/audio/drone/Membo_2_027-membo_004_.wav,Membo_2_027-membo_004_.wav,uav_db,drone,folder_name,train
data/processed/audio/drone/mixed_1-bebop_001_.wav,mixed_1-bebop_001_.wav,uav_db,drone,folder_name,train
data/processed/audio/no_drone/2-82274-B-51.wav,2-82274-B-51.wav,uav_db,no_drone,folder_name,train
data/processed/audio/no_drone/3-103050-A-191.wav,3-103050-A-191.wav,uav_db,no_drone,folder_name,train
data/processed/audio/no_drone/3-144253-A-291.wav,3-144253-A-291.wav,uav_db,no_drone,folder_name,train
data/processed/audio/no_drone/5-256452-A-50.wav,5-256452-A-50.wav,uav_db,no_drone,folder_name,train
data/processed/audio/no_drone/4-149940-B-54.wav,4-149940-B-54.wav,uav_db,no_drone,folder_name,train
data/processed/audio/drone/mixed_24-bebop_000_.wav,mixed_24-bebop_000_.wav,uav_db,drone,folder_name,train
data/processed/audio/drone/Membo_1_044-membo_002_.wav,Membo_1_044-membo_002_.wav,uav_db,drone,folder_name,train
data/processed/audio/drone/mixed_43-bebop_000_.wav,mixed_43-bebop_000_.wav,uav_db,drone,folder_name,train
data/processed/audio/drone/mixed_64-bebop_003_.wav,mixed_64-bebop_003_.wav,uav_db,drone,folder_name,train
data/processed/audio/drone/extra_membo_D2_2030.wav,extra_membo_D2_2030.wav,uav_db,drone,folder_name,train
data/processed/audio/drone/mixed_membo_46-membo_002_.wav,mixed_membo_46-membo_002_.wav,uav_db,drone,folder_name,train
data/processed/audio/no_drone/5-160614-F-482.wav,5-160614-F-482.wav,uav_db,no_drone,folder_name,train
data/processed/audio/no_drone/3-117883-A-374.wav,3-117883-A-374.wav,uav_db,no_drone,folder_name,train
data/processed/audio/no_drone/3-95697-A-51.wav,3-95697-A-51.wav,uav_db,no_drone,folder_name,train
data/processed/audio/no_drone/3-143562-A-472.wav,3-143562-A-472.wav,uav_db,no_drone,folder_name,train
data/processed/audio/drone/mixed_20-bebop_000_.wav,mixed_20-bebop_000_.wav,uav_db,drone,folder_name,train
data/processed/audio/no_drone/4-175846-A-431.wav,4-175846-A-431.wav,uav_db,no_drone,folder_name,train
data/processed/audio/no_drone/5-195517-A-72.wav,5-195517-A-72.wav,uav_db,no_drone,folder_name,train
data/processed/audio/no_drone/1-91359-B-110.wav,1-91359-B-110.wav,uav_db,no_drone,folder_name,train
data/processed/audio/drone/B_S2_D1_079-bebop_001_.wav,B_S2_D1_079-bebop_001_.wav,uav_db,drone,folder_name,train
data/processed/audio/drone/B_S2_D1_082-bebop_003_.wav,B_S2_D1_082-bebop_003_.wav,uav_db,drone,folder_name,train
data/processed/audio/no_drone/5-216368-A-282.wav,5-216368-A-282.wav,uav_db,no_drone,folder_name,train
data/processed/audio/drone/mixed_41-bebop_001_.wav,mixed_41-bebop_001_.wav,uav_db,drone,folder_name,train
data/processed/audio/drone/Membo_0_038-membo_001_.wav,Membo_0_038-membo_001_.wav,uav_db,drone,folder_name,train
data/processed/audio/drone/mixed_membo_50-membo_003_.wav,mixed_membo_50-membo_003_.wav,uav_db,drone,folder_name,train
data/processed/audio/drone/Membo_1_001-membo_002_.wav,Membo_1_001-membo_002_.wav,uav_db,drone,folder_name,train
data/processed/audio/drone/mixed_membo_1-membo_004_.wav,mixed_membo_1-membo_004_.wav,uav_db,drone,folder_name,train
data/processed/audio/no_drone/3-120526-A-373.wav,3-120526-A-373.wav,uav_db,no_drone,folder_name,train
data/processed/audio/no_drone/silence168.wav,silence168.wav,uav_db,no_drone,folder_name,train
data/processed/audio/no_drone/3-141684-A-211.wav,3-141684-A-211.wav,uav_db,no_drone,folder_name,train
data/processed/audio/drone/Membo_0_039-membo_000_.wav,Membo_0_039-membo_000_.wav,uav_db,drone,folder_name,train
data/processed/audio/drone/mixed_53-bebop_002_.wav,mixed_53-bebop_002_.wav,uav_db,drone,folder_name,train
data/processed/audio/no_drone/5-188796-A-450.wav,5-188796-A-450.wav,uav_db,no_drone,folder_name,train
data/processed/audio/no_drone/3-159347-B-362.wav,3-159347-B-362.wav,uav_db,no_drone,folder_name,train
data/processed/audio/drone/B_S2_D1_123-bebop_003_.wav,B_S2_D1_123-bebop_003_.wav,uav_db,drone,folder_name,train
data/processed/audio/no_drone/3-142005-A-101.wav,3-142005-A-101.wav,uav_db,no_drone,folder_name,train
data/processed/audio/no_drone/3-144827-B-111.wav,3-144827-B-111.wav,uav_db,no_drone,folder_name,train
data/processed/audio/drone/Membo_1_004-membo_004_.wav,Membo_1_004-membo_004_.wav,uav_db,drone,folder_name,train
data/processed/audio/no_drone/5-198278-C-73.wav,5-198278-C-73.wav,uav_db,no_drone,folder_name,train
data/processed/audio/drone/B_S2_D1_111-bebop_002_.wav,B_S2_D1_111-bebop_002_.wav,uav_db,drone,folder_name,train
data/processed/audio/no_drone/3-51731-A-423.wav,3-51731-A-423.wav,uav_db,no_drone,folder_name,train
data/processed/audio/no_drone/silence050.wav,silence050.wav,uav_db,no_drone,folder_name,train
data/processed/audio/drone/mixed_membo_40-membo_002_.wav,mixed_membo_40-membo_002_.wav,uav_db,drone,folder_name,train
data/processed/audio/no_drone/4-132803-A-260.wav,4-132803-A-260.wav,uav_db,no_drone,folder_name,train
data/processed/audio/no_drone/5-179496-B-160.wav,5-179496-B-160.wav,uav_db,no_drone,folder_name,train
data/processed/audio/no_drone/5-248341-A-60.wav,5-248341-A-60.wav,uav_db,no_drone,folder_name,train
data/processed/audio/no_drone/1-72695-A-263.wav,1-72695-A-263.wav,uav_db,no_drone,folder_name,train
data/processed/audio/no_drone/3-150979-C-403.wav,3-150979-C-403.wav,uav_db,no_drone,folder_name,train
data/processed/audio/drone/mixed_membo_38-membo_000_.wav,mixed_membo_38-membo_000_.wav,uav_db,drone,folder_name,train
data/processed/audio/drone/Membo_2_015-membo_003_.wav,Membo_2_015-membo_003_.wav,uav_db,drone,folder_name,train
data/processed/audio/no_drone/1-54065-B-452.wav,1-54065-B-452.wav,uav_db,no_drone,folder_name,train
data/processed/audio/drone/mixed_membo_36-membo_002_.wav,mixed_membo_36-membo_002_.wav,uav_db,drone,folder_name,train
data/processed/audio/drone/Membo_0_003-membo_004_.wav,Membo_0_003-membo_004_.wav,uav_db,drone,folder_name,train
data/processed/audio/no_drone/1-46938-A-72.wav,1-46938-A-72.wav,uav_db,no_drone,folder_name,train
data/processed/audio/no_drone/2-105270-A-474.wav,2-105270-A-474.wav,uav_db,no_drone,folder_name,train
data/processed/audio/drone/B_S2_D1_111-bebop_000_.wav,B_S2_D1_111-bebop_000_.wav,uav_db,drone,folder_name,train
data/processed/audio/drone/B_S2_D1_107-bebop_003_.wav,B_S2_D1_107-bebop_003_.wav,uav_db,drone,folder_name,train
data/processed/audio/drone/mixed_membo_63-membo_000_.wav,mixed_membo_63-membo_000_.wav,uav_db,drone,folder_name,train
data/processed/audio/drone/mixed_membo_40-membo_001_.wav,mixed_membo_40-membo_001_.wav,uav_db,drone,folder_name,train
data/processed/audio/drone/B_S2_D1_069-bebop_003_.wav,B_S2_D1_069-bebop_003_.wav,uav_db,drone,folder_name,train
data/processed/audio/drone/B_S2_D1_117-bebop_000_.wav,B_S2_D1_117-bebop_000_.wav,uav_db,drone,folder_name,train
data/processed/audio/no_drone/4-168155-A-152.wav,4-168155-A-152.wav,uav_db,no_drone,folder_name,train
data/processed/audio/no_drone/silence012.wav,silence012.wav,uav_db,no_drone,folder_name,train
data/processed/audio/drone/B_S2_D1_128-bebop_001_.wav,B_S2_D1_128-bebop_001_.wav,uav_db,drone,folder_name,train
data/processed/audio/drone/mixed_35-bebop_002_.wav,mixed_35-bebop_002_.wav,uav_db,drone,folder_name,train
data/processed/audio/drone/mixed_42-bebop_002_.wav,mixed_42-bebop_002_.wav,uav_db,drone,folder_name,train
data/processed/audio/drone/mixed_membo_34-membo_001_.wav,mixed_membo_34-membo_001_.wav,uav_db,drone,folder_name,train
data/processed/audio/drone/B_S2_D1_070-bebop_004_.wav,B_S2_D1_070-bebop_004_.wav,uav_db,drone,folder_name,train
data/processed/audio/no_drone/3-108451-B-171.wav,3-108451-B-171.wav,uav_db,no_drone,folder_name,train
data/processed/audio/no_drone/1-115545-A-483.wav,1-115545-A-483.wav,uav_db,no_drone,folder_name,train
data/processed/audio/no_drone/1-80840-A-132.wav,1-80840-A-132.wav,uav_db,no_drone,folder_name,train
data/processed/audio/no_drone/1-38559-A-143.wav,1-38559-A-143.wav,uav_db,no_drone,folder_name,train
data/processed/audio/no_drone/3-146186-A-440.wav,3-146186-A-440.wav,uav_db,no_drone,folder_name,train
data/processed/audio/drone/B_S2_D1_130-bebop_002_.wav,B_S2_D1_130-bebop_002_.wav,uav_db,drone,folder_name,train
data/processed/audio/no_drone/1-29532-A-161.wav,1-29532-A-161.wav,uav_db,no_drone,folder_name,train
data/processed/audio/drone/mixed_26-bebop_000_.wav,mixed_26-bebop_000_.wav,uav_db,drone,folder_name,train
data/processed/audio/drone/extra_membo_D2_2048.wav,extra_membo_D2_2048.wav,uav_db,drone,folder_name,train
data/processed/audio/drone/B_S2_D1_074-bebop_000_.wav,B_S2_D1_074-bebop_000_.wav,uav_db,drone,folder_name,train
data/processed/audio/drone/B_S2_D1_111-bebop_001_.wav,B_S2_D1_111-bebop_001_.wav,uav_db,drone,folder_name,train
data/processed/audio/no_drone/5-213836-C-92.wav,5-213836-C-92.wav,uav_db,no_drone,folder_name,train
data/processed/audio/no_drone/2-87794-A-244.wav,2-87794-A-244.wav,uav_db,no_drone,folder_name,train
data/processed/audio/no_drone/5-209719-A-240.wav,5-209719-A-240.wav,uav_db,no_drone,folder_name,train
data/processed/audio/no_drone/1-51433-A-173.wav,1-51433-A-173.wav,uav_db,no_drone,folder_name,train
data/processed/audio/no_drone/4-204777-B-390.wav,4-204777-B-390.wav,uav_db,no_drone,folder_name,train
data/processed/audio/drone/Membo_2_028-membo_004_.wav,Membo_2_028-membo_004_.wav,uav_db,drone,folder_name,train
data/processed/audio/drone/mixed_16-bebop_004_.wav,mixed_16-bebop_004_.wav,uav_db,drone,folder_name,train
data/processed/audio/no_drone/3-102908-A-42.wav,3-102908-A-42.wav,uav_db,no_drone,folder_name,train
data/processed/audio/no_drone/5-212059-A-364.wav,5-212059-A-364.wav,uav_db,no_drone,folder_name,train
data/processed/audio/drone/mixed_5-bebop_001_.wav,mixed_5-bebop_001_.wav,uav_db,drone,folder_name,train
data/processed/audio/no_drone/2-141682-B-361.wav,2-141682-B-361.wav,uav_db,no_drone,folder_name,train
data/processed/audio/no_drone/5-207836-C-294.wav,5-207836-C-294.wav,uav_db,no_drone,folder_name,train
data/processed/audio/no_drone/5-187979-A-214.wav,5-187979-A-214.wav,uav_db,no_drone,folder_name,train
data/processed/audio/drone/B_S2_D1_123-bebop_001_.wav,B_S2_D1_123-bebop_001_.wav,uav_db,drone,folder_name,train
data/processed/audio/no_drone/2-146877-A-310.wav,2-146877-A-310.wav,uav_db,no_drone,folder_name,train
data/processed/audio/no_drone/2-122067-B-451.wav,2-122067-B-451.wav,uav_db,no_drone,folder_name,train
data/processed/audio/no_drone/2-117616-A-481.wav,2-117616-A-481.wav,uav_db,no_drone,folder_name,train
data/processed/audio/drone/B_S2_D1_075-bebop_003_.wav,B_S2_D1_075-bebop_003_.wav,uav_db,drone,folder_name,train
data/processed/audio/drone/B_S2_D1_105-bebop_000_.wav,B_S2_D1_105-bebop_000_.wav,uav_db,drone,folder_name,train
data/processed/audio/drone/B_S2_D1_090-bebop_002_.wav,B_S2_D1_090-bebop_002_.wav,uav_db,drone,folder_name,train
data/processed/audio/drone/Membo_0_037-membo_002_.wav,Membo_0_037-membo_002_.wav,uav_db,drone,folder_name,train
data/processed/audio/no_drone/4-192068-A-311.wav,4-192068-A-311.wav,uav_db,no_drone,folder_name,train
data/processed/audio/drone/Membo_0_007-membo_002_.wav,Membo_0_007-membo_002_.wav,uav_db,drone,folder_name,train
data/processed/audio/no_drone/1-22694-A-203.wav,1-22694-A-203.wav,uav_db,no_drone,folder_name,train
data/processed/audio/no_drone/silence207.wav,silence207.wav,uav_db,no_drone,folder_name,train
data/processed/audio/drone/B_S2_D1_076-bebop_001_.wav,B_S2_D1_076-bebop_001_.wav,uav_db,drone,folder_name,train
data/processed/audio/drone/Membo_2_027-membo_001_.wav,Membo_2_027-membo_001_.wav,uav_db,drone,folder_name,train
data/processed/audio/no_drone/5-251426-A-302.wav,5-251426-A-302.wav,uav_db,no_drone,folder_name,train
data/processed/audio/drone/mixed_membo_21-membo_001_.wav,mixed_membo_21-membo_001_.wav,uav_db,drone,folder_name,train
data/processed/audio/no_drone/4-166661-A-101.wav,4-166661-A-101.wav,uav_db,no_drone,folder_name,train
data/processed/audio/no_drone/4-149940-A-53.wav,4-149940-A-53.wav,uav_db,no_drone,folder_name,train
data/processed/audio/no_drone/4-210000-B-232.wav,4-210000-B-232.wav,uav_db,no_drone,folder_name,train
data/processed/audio/no_drone/3-95695-B-54.wav,3-95695-B-54.wav,uav_db,no_drone,folder_name,train
data/processed/audio/drone/Membo_2_017-membo_002_.wav,Membo_2_017-membo_002_.wav,uav_db,drone,folder_name,train
data/processed/audio/drone/Membo_2_018-membo_003_.wav,Membo_2_018-membo_003_.wav,uav_db,drone,folder_name,train
data/processed/audio/no_drone/5-217186-A-164.wav,5-217186-A-164.wav,uav_db,no_drone,folder_name,train
data/processed/audio/drone/B_S2_D1_103-bebop_000_.wav,B_S2_D1_103-bebop_000_.wav,uav_db,drone,folder_name,train
data/processed/audio/no_drone/1-51805-D-332.wav,1-51805-D-332.wav,uav_db,no_drone,folder_name,train
data/processed/audio/no_drone/2-87794-A-241.wav,2-87794-A-241.wav,uav_db,no_drone,folder_name,train
data/processed/audio/no_drone/4-194979-A-250.wav,4-194979-A-250.wav,uav_db,no_drone,folder_name,train
data/processed/audio/no_drone/3-87936-A-462.wav,3-87936-A-462.wav,uav_db,no_drone,folder_name,train
data/processed/audio/drone/B_S2_D1_071-bebop_003_.wav,B_S2_D1_071-bebop_003_.wav,uav_db,drone,folder_name,train
data/processed/audio/drone/mixed_membo_34-membo_002_.wav,mixed_membo_34-membo_002_.wav,uav_db,drone,folder_name,train
data/processed/audio/no_drone/2-250710-A-391.wav,2-250710-A-391.wav,uav_db,no_drone,folder_name,train
data/processed/audio/drone/B_S2_D1_132-bebop_002_.wav,B_S2_D1_132-bebop_002_.wav,uav_db,drone,folder_name,train
data/processed/audio/drone/Membo_0_039-membo_002_.wav,Membo_0_039-membo_002_.wav,uav_db,drone,folder_name,train
data/processed/audio/drone/mixed_membo_41-membo_004_.wav,mixed_membo_41-membo_004_.wav,uav_db,drone,folder_name,train
data/processed/audio/drone/B_S2_D1_079-bebop_004_.wav,B_S2_D1_079-bebop_004_.wav,uav_db,drone,folder_name,train
data/processed/audio/no_drone/1-24074-A-433.wav,1-24074-A-433.wav,uav_db,no_drone,folder_name,train
data/processed/audio/drone/B_S2_D1_070-bebop_001_.wav,B_S2_D1_070-bebop_001_.wav,uav_db,drone,folder_name,train
data/processed/audio/no_drone/4-186936-A-440.wav,4-186936-A-440.wav,uav_db,no_drone,folder_name,train
data/processed/audio/no_drone/2-184077-A-494.wav,2-184077-A-494.wav,uav_db,no_drone,folder_name,train
data/processed/audio/no_drone/4-204612-A-311.wav,4-204612-A-311.wav,uav_db,no_drone,folder_name,train
data/processed/audio/no_drone/3-120526-B-371.wav,3-120526-B-371.wav,uav_db,no_drone,folder_name,train
data/processed/audio/no_drone/4-161105-A-472.wav,4-161105-A-472.wav,uav_db,no_drone,folder_name,train
data/processed/audio/drone/mixed_membo_35-membo_004_.wav,mixed_membo_35-membo_004_.wav,uav_db,drone,folder_name,train
data/processed/audio/drone/B_S2_D1_125-bebop_003_.wav,B_S2_D1_125-bebop_003_.wav,uav_db,drone,folder_name,train
data/processed/audio/drone/B_S2_D1_130-bebop_000_.wav,B_S2_D1_130-bebop_000_.wav,uav_db,drone,folder_name,train
data/processed/audio/drone/mixed_membo_57-membo_004_.wav,mixed_membo_57-membo_004_.wav,uav_db,drone,folder_name,train
data/processed/audio/no_drone/2-109371-D-164.wav,2-109371-D-164.wav,uav_db,no_drone,folder_name,train
data/processed/audio/no_drone/4-172180-A-321.wav,4-172180-A-321.wav,uav_db,no_drone,folder_name,train
data/processed/audio/drone/B_S2_D1_115-bebop_004_.wav,B_S2_D1_115-bebop_004_.wav,uav_db,drone,folder_name,train
data/processed/audio/no_drone/1-68670-A-342.wav,1-68670-A-342.wav,uav_db,no_drone,folder_name,train
data/processed/audio/no_drone/4-160999-A-103.wav,4-160999-A-103.wav,uav_db,no_drone,folder_name,train
data/processed/audio/drone/Membo_0_002-membo_004_.wav,Membo_0_002-membo_004_.wav,uav_db,drone,folder_name,train
data/processed/audio/no_drone/3-145387-A-293.wav,3-145387-A-293.wav,uav_db,no_drone,folder_name,train
data/processed/audio/drone/mixed_42-bebop_004_.wav,mixed_42-bebop_004_.wav,uav_db,drone,folder_name,train
data/processed/audio/no_drone/3-180147-A-303.wav,3-180147-A-303.wav,uav_db,no_drone,folder_name,train
data/processed/audio/drone/mixed_7-bebop_002_.wav,mixed_7-bebop_002_.wav,uav_db,drone,folder_name,train
data/processed/audio/drone/Membo_2_013-membo_002_.wav,Membo_2_013-membo_002_.wav,uav_db,drone,folder_name,train
data/processed/audio/no_drone/3-129678-A-130.wav,3-129678-A-130.wav,uav_db,no_drone,folder_name,train
data/processed/audio/no_drone/2-60791-A-261.wav,2-60791-A-261.wav,uav_db,no_drone,folder_name,train
data/processed/audio/no_drone/5-213802-A-122.wav,5-213802-A-122.wav,uav_db,no_drone,folder_name,train
data/processed/audio/no_drone/1-16568-A-33.wav,1-16568-A-33.wav,uav_db,no_drone,folder_name,train
data/processed/audio/drone/B_S2_D1_068-bebop_001_.wav,B_S2_D1_068-bebop_001_.wav,uav_db,drone,folder_name,train
data/processed/audio/no_drone/5-238926-A-314.wav,5-238926-A-314.wav,uav_db,no_drone,folder_name,train
data/processed/audio/no_drone/4-170078-A-12.wav,4-170078-A-12.wav,uav_db,no_drone,folder_name,train
data/processed/audio/drone/B_S2_D1_098-bebop_001_.wav,B_S2_D1_098-bebop_001_.wav,uav_db,drone,folder_name,train
data/processed/audio/no_drone/2-98866-A-472.wav,2-98866-A-472.wav,uav_db,no_drone,folder_name,train
data/processed/audio/drone/B_S2_D1_105-bebop_001_.wav,B_S2_D1_105-bebop_001_.wav,uav_db,drone,folder_name,train
data/processed/audio/no_drone/1-9886-A-490.wav,1-9886-A-490.wav,uav_db,no_drone,folder_name,train
data/processed/audio/no_drone/2-59321-A-493.wav,2-59321-A-493.wav,uav_db,no_drone,folder_name,train
data/processed/audio/drone/B_S2_D1_129-bebop_000_.wav,B_S2_D1_129-bebop_000_.wav,uav_db,drone,folder_name,train
data/processed/audio/drone/B_S2_D1_115-bebop_001_.wav,B_S2_D1_115-bebop_001_.wav,uav_db,drone,folder_name,train
data/processed/audio/no_drone/5-177614-A-51.wav,5-177614-A-51.wav,uav_db,no_drone,folder_name,train
data/processed/audio/drone/Membo_1_043-membo_004_.wav,Membo_1_043-membo_004_.wav,uav_db,drone,folder_name,train
data/processed/audio/no_drone/5-257839-A-141.wav,5-257839-A-141.wav,uav_db,no_drone,folder_name,train
data/processed/audio/drone/mixed_65-bebop_000_.wav,mixed_65-bebop_000_.wav,uav_db,drone,folder_name,train
data/processed/audio/no_drone/5-117118-A-420.wav,5-117118-A-420.wav,uav_db,no_drone,folder_name,train
data/processed/audio/no_drone/3-108677-A-180.wav,3-108677-A-180.wav,uav_db,no_drone,folder_name,train
data/processed/audio/drone/mixed_membo_54-membo_003_.wav,mixed_membo_54-membo_003_.wav,uav_db,drone,folder_name,train
data/processed/audio/no_drone/3-155234-A-434.wav,3-155234-A-434.wav,uav_db,no_drone,folder_name,train
data/processed/audio/no_drone/3-120526-A-371.wav,3-120526-A-371.wav,uav_db,no_drone,folder_name,train
data/processed/audio/no_drone/silence082.wav,silence082.wav,uav_db,no_drone,folder_name,train
data/processed/audio/no_drone/4-99193-A-43.wav,4-99193-A-43.wav,uav_db,no_drone,folder_name,train
data/processed/audio/no_drone/2-118817-A-323.wav,2-118817-A-323.wav,uav_db,no_drone,folder_name,train
data/processed/audio/no_drone/2-104952-A-161.wav,2-104952-A-161.wav,uav_db,no_drone,folder_name,train
data/processed/audio/drone/mixed_membo_52-membo_000_.wav,mixed_membo_52-membo_000_.wav,uav_db,drone,folder_name,train
data/processed/audio/drone/mixed_50-bebop_004_.wav,mixed_50-bebop_004_.wav,uav_db,drone,folder_name,train
data/processed/audio/no_drone/5-198278-C-70.wav,5-198278-C-70.wav,uav_db,no_drone,folder_name,train
data/processed/audio/no_drone/4-188293-A-152.wav,4-188293-A-152.wav,uav_db,no_drone,folder_name,train
data/processed/audio/no_drone/3-112557-A-233.wav,3-112557-A-233.wav,uav_db,no_drone,folder_name,train
data/processed/audio/no_drone/1-88409-A-450.wav,1-88409-A-450.wav,uav_db,no_drone,folder_name,train
data/processed/audio/no_drone/2-102414-A-174.wav,2-102414-A-174.wav,uav_db,no_drone,folder_name,train
data/processed/audio/drone/extra_membo_D2_2005.wav,extra_membo_D2_2005.wav,uav_db,drone,folder_name,train
data/processed/audio/no_drone/1-95563-A-310.wav,1-95563-A-310.wav,uav_db,no_drone,folder_name,train
data/processed/audio/drone/Membo_0_008-membo_002_.wav,Membo_0_008-membo_002_.wav,uav_db,drone,folder_name,train
data/processed/audio/no_drone/1-54752-A-184.wav,1-54752-A-184.wav,uav_db,no_drone,folder_name,train
data/processed/audio/drone/mixed_membo_0-membo_000_.wav,mixed_membo_0-membo_000_.wav,uav_db,drone,folder_name,train
data/processed/audio/drone/B_S2_D1_116-bebop_002_.wav,B_S2_D1_116-bebop_002_.wav,uav_db,drone,folder_name,train
data/processed/audio/drone/Membo_2_016-membo_000_.wav,Membo_2_016-membo_000_.wav,uav_db,drone,folder_name,train
data/processed/audio/drone/mixed_membo_38-membo_003_.wav,mixed_membo_38-membo_003_.wav,uav_db,drone,folder_name,train
data/processed/audio/drone/B_S2_D1_085-bebop_004_.wav,B_S2_D1_085-bebop_004_.wav,uav_db,drone,folder_name,train
data/processed/audio/no_drone/1-19898-B-412.wav,1-19898-B-412.wav,uav_db,no_drone,folder_name,train
data/processed/audio/drone/B_S2_D1_124-bebop_004_.wav,B_S2_D1_124-bebop_004_.wav,uav_db,drone,folder_name,train
data/processed/audio/no_drone/5-204352-B-132.wav,5-204352-B-132.wav,uav_db,no_drone,folder_name,train
data/processed/audio/drone/Membo_2_019-membo_004_.wav,Membo_2_019-membo_004_.wav,uav_db,drone,folder_name,train
data/processed/audio/no_drone/3-163288-A-13.wav,3-163288-A-13.wav,uav_db,no_drone,folder_name,train
data/processed/audio/no_drone/5-233787-A-73.wav,5-233787-A-73.wav,uav_db,no_drone,folder_name,train
data/processed/audio/drone/mixed_membo_60-membo_002_.wav,mixed_membo_60-membo_002_.wav,uav_db,drone,folder_name,train
data/processed/audio/drone/Membo_0_041-membo_003_.wav,Membo_0_041-membo_003_.wav,uav_db,drone,folder_name,train
data/processed/audio/no_drone/3-171012-A-382.wav,3-171012-A-382.wav,uav_db,no_drone,folder_name,train
data/processed/audio/drone/Membo_0_036-membo_003_.wav,Membo_0_036-membo_003_.wav,uav_db,drone,folder_name,train
data/processed/audio/drone/Membo_2_027-membo_000_.wav,Membo_2_027-membo_000_.wav,uav_db,drone,folder_name,train
data/processed/audio/drone/B_S2_D1_101-bebop_000_.wav,B_S2_D1_101-bebop_000_.wav,uav_db,drone,folder_name,train
data/processed/audio/drone/mixed_membo_45-membo_003_.wav,mixed_membo_45-membo_003_.wav,uav_db,drone,folder_name,train
data/processed/audio/drone/mixed_14-bebop_004_.wav,mixed_14-bebop_004_.wav,uav_db,drone,folder_name,train
data/processed/audio/no_drone/1-115546-A-483.wav,1-115546-A-483.wav,uav_db,no_drone,folder_name,train
data/processed/audio/drone/Membo_0_012-membo_000_.wav,Membo_0_012-membo_000_.wav,uav_db,drone,folder_name,train
data/processed/audio/drone/mixed_membo_6-membo_003_.wav,mixed_membo_6-membo_003_.wav,uav_db,drone,folder_name,train
data/processed/audio/no_drone/3-151557-B-281.wav,3-151557-B-281.wav,uav_db,no_drone,folder_name,train
data/processed/audio/no_drone/3-140199-A-84.wav,3-140199-A-84.wav,uav_db,no_drone,folder_name,train
data/processed/audio/no_drone/4-159609-B-143.wav,4-159609-B-143.wav,uav_db,no_drone,folder_name,train
data/processed/audio/no_drone/1-50454-A-440.wav,1-50454-A-440.wav,uav_db,no_drone,folder_name,train
data/processed/audio/no_drone/1-32373-A-351.wav,1-32373-A-351.wav,uav_db,no_drone,folder_name,train
data/processed/audio/drone/DJI_Mini3_6.wav,DJI_Mini3_6.wav,uav_db,drone,folder_name,train
data/processed/audio/drone/mixed_19-bebop_000_.wav,mixed_19-bebop_000_.wav,uav_db,drone,folder_name,train
data/processed/audio/no_drone/3-103051-B-194.wav,3-103051-B-194.wav,uav_db,no_drone,folder_name,train
data/processed/audio/drone/B_S2_D1_084-bebop_002_.wav,B_S2_D1_084-bebop_002_.wav,uav_db,drone,folder_name,train
data/processed/audio/no_drone/3-166326-A-151.wav,3-166326-A-151.wav,uav_db,no_drone,folder_name,train
data/processed/audio/drone/Membo_1_046-membo_003_.wav,Membo_1_046-membo_003_.wav,uav_db,drone,folder_name,train
data/processed/audio/no_drone/3-164120-A-111.wav,3-164120-A-111.wav,uav_db,no_drone,folder_name,train
data/processed/audio/drone/mixed_membo_19-membo_000_.wav,mixed_membo_19-membo_000_.wav,uav_db,drone,folder_name,train
data/processed/audio/drone/mixed_47-bebop_003_.wav,mixed_47-bebop_003_.wav,uav_db,drone,folder_name,train
data/processed/audio/drone/mixed_membo_2-membo_004_.wav,mixed_membo_2-membo_004_.wav,uav_db,drone,folder_name,train
data/processed/audio/drone/B_S2_D1_121-bebop_002_.wav,B_S2_D1_121-bebop_002_.wav,uav_db,drone,folder_name,train
data/processed/audio/drone/mixed_membo_28-membo_000_.wav,mixed_membo_28-membo_000_.wav,uav_db,drone,folder_name,train
data/processed/audio/no_drone/1-51433-A-170.wav,1-51433-A-170.wav,uav_db,no_drone,folder_name,train
data/processed/audio/drone/mixed_43-bebop_003_.wav,mixed_43-bebop_003_.wav,uav_db,drone,folder_name,train
data/processed/audio/no_drone/5-234923-A-322.wav,5-234923-A-322.wav,uav_db,no_drone,folder_name,train
data/processed/audio/no_drone/5-260433-A-391.wav,5-260433-A-391.wav,uav_db,no_drone,folder_name,train
data/processed/audio/drone/B_S2_D1_103-bebop_004_.wav,B_S2_D1_103-bebop_004_.wav,uav_db,drone,folder_name,train
data/processed/audio/drone/B_S2_D1_124-bebop_000_.wav,B_S2_D1_124-bebop_000_.wav,uav_db,drone,folder_name,train
data/processed/audio/drone/mixed_45-bebop_003_.wav,mixed_45-bebop_003_.wav,uav_db,drone,folder_name,train
data/processed/audio/drone/mixed_65-bebop_004_.wav,mixed_65-bebop_004_.wav,uav_db,drone,folder_name,train
data/processed/audio/drone/mixed_29-bebop_004_.wav,mixed_29-bebop_004_.wav,uav_db,drone,folder_name,train
data/processed/audio/no_drone/4-212604-C-154.wav,4-212604-C-154.wav,uav_db,no_drone,folder_name,train
data/processed/audio/no_drone/3-103050-A-190.wav,3-103050-A-190.wav,uav_db,no_drone,folder_name,train
data/processed/audio/no_drone/1-47819-C-50.wav,1-47819-C-50.wav,uav_db,no_drone,folder_name,train
data/processed/audio/drone/Membo_1_032-membo_003_.wav,Membo_1_032-membo_003_.wav,uav_db,drone,folder_name,train
data/processed/audio/drone/mixed_membo_20-membo_003_.wav,mixed_membo_20-membo_003_.wav,uav_db,drone,folder_name,train
data/processed/audio/no_drone/3-125418-A-240.wav,3-125418-A-240.wav,uav_db,no_drone,folder_name,train
data/processed/audio/drone/B_S2_D1_129-bebop_004_.wav,B_S2_D1_129-bebop_004_.wav,uav_db,drone,folder_name,train
data/processed/audio/no_drone/2-182508-B-80.wav,2-182508-B-80.wav,uav_db,no_drone,folder_name,train
data/processed/audio/drone/Membo_1_032-membo_000_.wav,Membo_1_032-membo_000_.wav,uav_db,drone,folder_name,train
data/processed/audio/no_drone/2-114609-B-281.wav,2-114609-B-281.wav,uav_db,no_drone,folder_name,train
data/processed/audio/drone/B_S2_D1_120-bebop_000_.wav,B_S2_D1_120-bebop_000_.wav,uav_db,drone,folder_name,train
data/processed/audio/no_drone/5-233312-A-283.wav,5-233312-A-283.wav,uav_db,no_drone,folder_name,train
data/processed/audio/drone/Membo_0_014-membo_002_.wav,Membo_0_014-membo_002_.wav,uav_db,drone,folder_name,train
data/processed/audio/no_drone/2-76408-C-220.wav,2-76408-C-220.wav,uav_db,no_drone,folder_name,train
data/processed/audio/drone/mixed_membo_14-membo_000_.wav,mixed_membo_14-membo_000_.wav,uav_db,drone,folder_name,train
data/processed/audio/drone/mixed_36-bebop_003_.wav,mixed_36-bebop_003_.wav,uav_db,drone,folder_name,train
data/processed/audio/no_drone/5-180156-C-431.wav,5-180156-C-431.wav,uav_db,no_drone,folder_name,train
data/processed/audio/drone/mixed_membo_28-membo_001_.wav,mixed_membo_28-membo_001_.wav,uav_db,drone,folder_name,train
data/processed/audio/no_drone/3-117504-A-161.wav,3-117504-A-161.wav,uav_db,no_drone,folder_name,train
data/processed/audio/drone/mixed_membo_8-membo_002_.wav,mixed_membo_8-membo_002_.wav,uav_db,drone,folder_name,train
data/processed/audio/drone/mixed_membo_8-membo_000_.wav,mixed_membo_8-membo_000_.wav,uav_db,drone,folder_name,train
data/processed/audio/drone/B_S2_D1_071-bebop_001_.wav,B_S2_D1_071-bebop_001_.wav,uav_db,drone,folder_name,train
data/processed/audio/no_drone/4-175000-B-402.wav,4-175000-B-402.wav,uav_db,no_drone,folder_name,train
data/processed/audio/no_drone/3-145387-A-292.wav,3-145387-A-292.wav,uav_db,no_drone,folder_name,train
data/processed/audio/drone/Membo_2_019-membo_003_.wav,Membo_2_019-membo_003_.wav,uav_db,drone,folder_name,train
data/processed/audio/drone/Membo_1_048-membo_000_.wav,Membo_1_048-membo_000_.wav,uav_db,drone,folder_name,train
data/processed/audio/no_drone/3-96606-B-493.wav,3-96606-B-493.wav,uav_db,no_drone,folder_name,train
data/processed/audio/drone/B_S2_D1_131-bebop_003_.wav,B_S2_D1_131-bebop_003_.wav,uav_db,drone,folder_name,train
data/processed/audio/no_drone/1-40621-A-282.wav,1-40621-A-282.wav,uav_db,no_drone,folder_name,train
data/processed/audio/drone/Membo_2_017-membo_003_.wav,Membo_2_017-membo_003_.wav,uav_db,drone,folder_name,train
data/processed/audio/drone/DJI_Mavic_Mini2_35.wav,DJI_Mavic_Mini2_35.wav,uav_db,drone,folder_name,train
data/processed/audio/no_drone/3-164592-A-154.wav,3-164592-A-154.wav,uav_db,no_drone,folder_name,train
data/processed/audio/no_drone/2-32834-A-42.wav,2-32834-A-42.wav,uav_db,no_drone,folder_name,train
data/processed/audio/no_drone/1-45641-A-271.wav,1-45641-A-271.wav,uav_db,no_drone,folder_name,train
data/processed/audio/drone/mixed_22-bebop_000_.wav,mixed_22-bebop_000_.wav,uav_db,drone,folder_name,train
data/processed/audio/drone/B_S2_D1_119-bebop_003_.wav,B_S2_D1_119-bebop_003_.wav,uav_db,drone,folder_name,train
data/processed/audio/no_drone/4-150364-B-462.wav,4-150364-B-462.wav,uav_db,no_drone,folder_name,train
data/processed/audio/drone/mixed_17-bebop_000_.wav,mixed_17-bebop_000_.wav,uav_db,drone,folder_name,train
data/processed/audio/no_drone/silence017.wav,silence017.wav,uav_db,no_drone,folder_name,train
data/processed/audio/no_drone/1-69422-A-34.wav,1-69422-A-34.wav,uav_db,no_drone,folder_name,train
data/processed/audio/no_drone/5-177034-A-180.wav,5-177034-A-180.wav,uav_db,no_drone,folder_name,train
data/processed/audio/drone/Membo_0_001-membo_003_.wav,Membo_0_001-membo_003_.wav,uav_db,drone,folder_name,train
data/processed/audio/drone/mixed_52-bebop_003_.wav,mixed_52-bebop_003_.wav,uav_db,drone,folder_name,train
data/processed/audio/no_drone/4-157611-B-413.wav,4-157611-B-413.wav,uav_db,no_drone,folder_name,train
data/processed/audio/no_drone/3-171281-A-63.wav,3-171281-A-63.wav,uav_db,no_drone,folder_name,train
data/processed/audio/drone/Membo_1_032-membo_002_.wav,Membo_1_032-membo_002_.wav,uav_db,drone,folder_name,train
data/processed/audio/no_drone/1-13571-A-464.wav,1-13571-A-464.wav,uav_db,no_drone,folder_name,train
data/processed/audio/drone/mixed_27-bebop_004_.wav,mixed_27-bebop_004_.wav,uav_db,drone,folder_name,train
data/processed/audio/drone/mixed_20-bebop_003_.wav,mixed_20-bebop_003_.wav,uav_db,drone,folder_name,train
data/processed/audio/no_drone/4-198962-A-254.wav,4-198962-A-254.wav,uav_db,no_drone,folder_name,train
data/processed/audio/drone/Membo_0_005-membo_003_.wav,Membo_0_005-membo_003_.wav,uav_db,drone,folder_name,train
data/processed/audio/no_drone/2-83667-A-342.wav,2-83667-A-342.wav,uav_db,no_drone,folder_name,train
data/processed/audio/no_drone/5-205589-A-173.wav,5-205589-A-173.wav,uav_db,no_drone,folder_name,train
data/processed/audio/drone/B_S2_D1_131-bebop_004_.wav,B_S2_D1_131-bebop_004_.wav,uav_db,drone,folder_name,train
data/processed/audio/drone/extra_membo_D2_2013.wav,extra_membo_D2_2013.wav,uav_db,drone,folder_name,train
data/processed/audio/no_drone/5-216131-A-320.wav,5-216131-A-320.wav,uav_db,no_drone,folder_name,train
data/processed/audio/drone/B_S2_D1_107-bebop_000_.wav,B_S2_D1_107-bebop_000_.wav,uav_db,drone,folder_name,train
data/processed/audio/no_drone/3-103401-C-334.wav,3-103401-C-334.wav,uav_db,no_drone,folder_name,train
data/processed/audio/no_drone/2-78781-A-470.wav,2-78781-A-470.wav,uav_db,no_drone,folder_name,train
data/processed/audio/drone/Membo_2_016-membo_004_.wav,Membo_2_016-membo_004_.wav,uav_db,drone,folder_name,train
data/processed/audio/no_drone/5-250026-A-300.wav,5-250026-A-300.wav,uav_db,no_drone,folder_name,train
data/processed/audio/no_drone/3-182023-A-300.wav,3-182023-A-300.wav,uav_db,no_drone,folder_name,train
data/processed/audio/drone/B_S2_D1_102-bebop_004_.wav,B_S2_D1_102-bebop_004_.wav,uav_db,drone,folder_name,train
data/processed/audio/no_drone/2-64963-A-153.wav,2-64963-A-153.wav,uav_db,no_drone,folder_name,train
data/processed/audio/no_drone/4-250869-A-22.wav,4-250869-A-22.wav,uav_db,no_drone,folder_name,train
data/processed/audio/no_drone/2-76868-A-63.wav,2-76868-A-63.wav,uav_db,no_drone,folder_name,train
data/processed/audio/no_drone/1-23094-B-152.wav,1-23094-B-152.wav,uav_db,no_drone,folder_name,train
data/processed/audio/no_drone/2-25293-A-224.wav,2-25293-A-224.wav,uav_db,no_drone,folder_name,train
data/processed/audio/no_drone/3-118972-B-410.wav,3-118972-B-410.wav,uav_db,no_drone,folder_name,train
data/processed/audio/no_drone/3-51909-A-424.wav,3-51909-A-424.wav,uav_db,no_drone,folder_name,train
data/processed/audio/drone/mixed_60-bebop_003_.wav,mixed_60-bebop_003_.wav,uav_db,drone,folder_name,train
data/processed/audio/no_drone/5-185516-A-274.wav,5-185516-A-274.wav,uav_db,no_drone,folder_name,train
data/processed/audio/no_drone/4-201988-A-441.wav,4-201988-A-441.wav,uav_db,no_drone,folder_name,train
data/processed/audio/no_drone/1-115921-A-224.wav,1-115921-A-224.wav,uav_db,no_drone,folder_name,train
data/processed/audio/no_drone/5-213836-A-90.wav,5-213836-A-90.wav,uav_db,no_drone,folder_name,train
data/processed/audio/drone/mixed_42-bebop_001_.wav,mixed_42-bebop_001_.wav,uav_db,drone,folder_name,train
data/processed/audio/drone/mixed_membo_64-membo_003_.wav,mixed_membo_64-membo_003_.wav,uav_db,drone,folder_name,train
data/processed/audio/no_drone/1-30226-A-04.wav,1-30226-A-04.wav,uav_db,no_drone,folder_name,train
data/processed/audio/no_drone/3-83527-A-42.wav,3-83527-A-42.wav,uav_db,no_drone,folder_name,train
data/processed/audio/drone/mixed_39-bebop_003_.wav,mixed_39-bebop_003_.wav,uav_db,drone,folder_name,train
data/processed/audio/no_drone/1-76831-C-420.wav,1-76831-C-420.wav,uav_db,no_drone,folder_name,train
data/processed/audio/no_drone/2-89516-A-374.wav,2-89516-A-374.wav,uav_db,no_drone,folder_name,train
data/processed/audio/drone/Membo_1_002-membo_004_.wav,Membo_1_002-membo_004_.wav,uav_db,drone,folder_name,train
data/processed/audio/drone/mixed_membo_49-membo_004_.wav,mixed_membo_49-membo_004_.wav,uav_db,drone,folder_name,train
data/processed/audio/drone/mixed_membo_24-membo_001_.wav,mixed_membo_24-membo_001_.wav,uav_db,drone,folder_name,train
data/processed/audio/drone/mixed_56-bebop_003_.wav,mixed_56-bebop_003_.wav,uav_db,drone,folder_name,train
data/processed/audio/drone/B_S2_D1_133-bebop_000_.wav,B_S2_D1_133-bebop_000_.wav,uav_db,drone,folder_name,train
data/processed/audio/drone/mixed_membo_2-membo_001_.wav,mixed_membo_2-membo_001_.wav,uav_db,drone,folder_name,train
data/processed/audio/drone/mixed_membo_37-membo_004_.wav,mixed_membo_37-membo_004_.wav,uav_db,drone,folder_name,train
data/processed/audio/no_drone/1-17565-A-123.wav,1-17565-A-123.wav,uav_db,no_drone,folder_name,train
data/processed/audio/no_drone/5-194930-B-12.wav,5-194930-B-12.wav,uav_db,no_drone,folder_name,train
data/processed/audio/drone/Membo_1_031-membo_004_.wav,Membo_1_031-membo_004_.wav,uav_db,drone,folder_name,train
data/processed/audio/no_drone/3-143933-A-382.wav,3-143933-A-382.wav,uav_db,no_drone,folder_name,train
data/processed/audio/no_drone/3-51731-A-424.wav,3-51731-A-424.wav,uav_db,no_drone,folder_name,train
data/processed/audio/no_drone/5-160614-F-484.wav,5-160614-F-484.wav,uav_db,no_drone,folder_name,train
data/processed/audio/drone/B_S2_D1_095-bebop_001_.wav,B_S2_D1_095-bebop_001_.wav,uav_db,drone,folder_name,train
data/processed/audio/no_drone/2-188822-D-401.wav,2-188822-D-401.wav,uav_db,no_drone,folder_name,train
data/processed/audio/drone/B_S2_D1_093-bebop_004_.wav,B_S2_D1_093-bebop_004_.wav,uav_db,drone,folder_name,train
data/processed/audio/no_drone/1-51170-A-182.wav,1-51170-A-182.wav,uav_db,no_drone,folder_name,train
data/processed/audio/drone/Membo_0_017-membo_001_.wav,Membo_0_017-membo_001_.wav,uav_db,drone,folder_name,train
data/processed/audio/drone/mixed_membo_1-membo_002_.wav,mixed_membo_1-membo_002_.wav,uav_db,drone,folder_name,train
data/processed/audio/no_drone/5-213855-A-03.wav,5-213855-A-03.wav,uav_db,no_drone,folder_name,train
data/processed/audio/no_drone/1-84704-A-390.wav,1-84704-A-390.wav,uav_db,no_drone,folder_name,train
data/processed/audio/drone/B_S2_D1_079-bebop_000_.wav,B_S2_D1_079-bebop_000_.wav,uav_db,drone,folder_name,train
data/processed/audio/drone/mixed_membo_13-membo_004_.wav,mixed_membo_13-membo_004_.wav,uav_db,drone,folder_name,train
data/processed/audio/drone/B_S2_D1_095-bebop_004_.wav,B_S2_D1_095-bebop_004_.wav,uav_db,drone,folder_name,train
data/processed/audio/drone/mixed_membo_26-membo_003_.wav,mixed_membo_26-membo_003_.wav,uav_db,drone,folder_name,train
data/processed/audio/drone/mixed_31-bebop_003_.wav,mixed_31-bebop_003_.wav,uav_db,drone,folder_name,train
data/processed/audio/no_drone/2-109231-C-90.wav,2-109231-C-90.wav,uav_db,no_drone,folder_name,train
data/processed/audio/drone/mixed_membo_14-membo_002_.wav,mixed_membo_14-membo_002_.wav,uav_db,drone,folder_name,train
data/processed/audio/no_drone/5-182012-A-360.wav,5-182012-A-360.wav,uav_db,no_drone,folder_name,train
data/processed/audio/drone/mixed_membo_48-membo_003_.wav,mixed_membo_48-membo_003_.wav,uav_db,drone,folder_name,train
data/processed/audio/drone/Membo_0_034-membo_003_.wav,Membo_0_034-membo_003_.wav,uav_db,drone,folder_name,train
data/processed/audio/drone/mixed_membo_10-membo_000_.wav,mixed_membo_10-membo_000_.wav,uav_db,drone,folder_name,train
data/processed/audio/drone/mixed_membo_53-membo_003_.wav,mixed_membo_53-membo_003_.wav,uav_db,drone,folder_name,train
data/processed/audio/drone/B_S2_D1_105-bebop_002_.wav,B_S2_D1_105-bebop_002_.wav,uav_db,drone,folder_name,train
data/processed/audio/drone/mixed_membo_27-membo_002_.wav,mixed_membo_27-membo_002_.wav,uav_db,drone,folder_name,train
data/processed/audio/no_drone/2-141682-A-363.wav,2-141682-A-363.wav,uav_db,no_drone,folder_name,train
data/processed/audio/drone/Membo_2_020-membo_000_.wav,Membo_2_020-membo_000_.wav,uav_db,drone,folder_name,train
data/processed/audio/no_drone/2-109371-D-163.wav,2-109371-D-163.wav,uav_db,no_drone,folder_name,train
data/processed/audio/no_drone/5-259640-A-291.wav,5-259640-A-291.wav,uav_db,no_drone,folder_name,train
data/processed/audio/no_drone/5-205589-B-173.wav,5-205589-B-173.wav,uav_db,no_drone,folder_name,train
data/processed/audio/no_drone/1-61534-A-270.wav,1-61534-A-270.wav,uav_db,no_drone,folder_name,train
data/processed/audio/no_drone/3-128512-A-473.wav,3-128512-A-473.wav,uav_db,no_drone,folder_name,train
data/processed/audio/drone/mixed_7-bebop_004_.wav,mixed_7-bebop_004_.wav,uav_db,drone,folder_name,train
data/processed/audio/drone/mixed_44-bebop_000_.wav,mixed_44-bebop_000_.wav,uav_db,drone,folder_name,train
data/processed/audio/no_drone/3-246513-B-162.wav,3-246513-B-162.wav,uav_db,no_drone,folder_name,train
data/processed/audio/no_drone/3-170383-A-381.wav,3-170383-A-381.wav,uav_db,no_drone,folder_name,train
data/processed/audio/no_drone/2-134915-A-303.wav,2-134915-A-303.wav,uav_db,no_drone,folder_name,train
data/processed/audio/no_drone/silence001.wav,silence001.wav,uav_db,no_drone,folder_name,train
data/processed/audio/no_drone/4-204777-A-393.wav,4-204777-A-393.wav,uav_db,no_drone,folder_name,train
data/processed/audio/drone/mixed_21-bebop_000_.wav,mixed_21-bebop_000_.wav,uav_db,drone,folder_name,train
data/processed/audio/no_drone/5-195517-A-74.wav,5-195517-A-74.wav,uav_db,no_drone,folder_name,train
data/processed/audio/drone/mixed_62-bebop_000_.wav,mixed_62-bebop_000_.wav,uav_db,drone,folder_name,train
data/processed/audio/no_drone/1-69165-A-341.wav,1-69165-A-341.wav,uav_db,no_drone,folder_name,train
data/processed/audio/drone/mixed_membo_21-membo_002_.wav,mixed_membo_21-membo_002_.wav,uav_db,drone,folder_name,train
data/processed/audio/no_drone/2-209474-A-252.wav,2-209474-A-252.wav,uav_db,no_drone,folder_name,train
data/processed/audio/no_drone/2-73544-A-272.wav,2-73544-A-272.wav,uav_db,no_drone,folder_name,train
data/processed/audio/no_drone/2-72547-C-142.wav,2-72547-C-142.wav,uav_db,no_drone,folder_name,train
data/processed/audio/drone/B_S2_D1_126-bebop_002_.wav,B_S2_D1_126-bebop_002_.wav,uav_db,drone,folder_name,train
data/processed/audio/no_drone/3-157187-A-123.wav,3-157187-A-123.wav,uav_db,no_drone,folder_name,train
data/processed/audio/no_drone/5-213855-A-01.wav,5-213855-A-01.wav,uav_db,no_drone,folder_name,train
data/processed/audio/no_drone/3-156393-A-351.wav,3-156393-A-351.wav,uav_db,no_drone,folder_name,train
data/processed/audio/no_drone/1-115920-A-223.wav,1-115920-A-223.wav,uav_db,no_drone,folder_name,train
data/processed/audio/no_drone/1-29561-A-104.wav,1-29561-A-104.wav,uav_db,no_drone,folder_name,train
data/processed/audio/drone/Membo_0_006-membo_002_.wav,Membo_0_006-membo_002_.wav,uav_db,drone,folder_name,train
data/processed/audio/no_drone/5-242932-B-260.wav,5-242932-B-260.wav,uav_db,no_drone,folder_name,train
data/processed/audio/no_drone/4-189832-A-220.wav,4-189832-A-220.wav,uav_db,no_drone,folder_name,train
data/processed/audio/drone/mixed_membo_40-membo_000_.wav,mixed_membo_40-membo_000_.wav,uav_db,drone,folder_name,train
data/processed/audio/drone/mixed_22-bebop_003_.wav,mixed_22-bebop_003_.wav,uav_db,drone,folder_name,train
data/processed/audio/no_drone/2-65484-A-184.wav,2-65484-A-184.wav,uav_db,no_drone,folder_name,train
data/processed/audio/drone/mixed_66-bebop_004_.wav,mixed_66-bebop_004_.wav,uav_db,drone,folder_name,train
data/processed/audio/no_drone/2-77945-B-411.wav,2-77945-B-411.wav,uav_db,no_drone,folder_name,train
data/processed/audio/no_drone/1-79146-A-290.wav,1-79146-A-290.wav,uav_db,no_drone,folder_name,train
data/processed/audio/no_drone/4-194680-A-363.wav,4-194680-A-363.wav,uav_db,no_drone,folder_name,train
data/processed/audio/no_drone/3-62878-A-424.wav,3-62878-A-424.wav,uav_db,no_drone,folder_name,train
data/processed/audio/drone/Membo_1_031-membo_002_.wav,Membo_1_031-membo_002_.wav,uav_db,drone,folder_name,train
data/processed/audio/drone/Membo_0_040-membo_000_.wav,Membo_0_040-membo_000_.wav,uav_db,drone,folder_name,train
data/processed/audio/no_drone/3-103401-B-330.wav,3-103401-B-330.wav,uav_db,no_drone,folder_name,train
data/processed/audio/drone/extra_membo_D2_2002.wav,extra_membo_D2_2002.wav,uav_db,drone,folder_name,train
data/processed/audio/drone/B_S2_D1_109-bebop_000_.wav,B_S2_D1_109-bebop_000_.wav,uav_db,drone,folder_name,train
data/processed/audio/no_drone/1-39937-A-283.wav,1-39937-A-283.wav,uav_db,no_drone,folder_name,train
data/processed/audio/no_drone/4-181035-A-384.wav,4-181035-A-384.wav,uav_db,no_drone,folder_name,train
data/processed/audio/no_drone/silence258.wav,silence258.wav,uav_db,no_drone,folder_name,train
data/processed/audio/drone/mixed_13-bebop_000_.wav,mixed_13-bebop_000_.wav,uav_db,drone,folder_name,train
data/processed/audio/no_drone/2-104877-A-34.wav,2-104877-A-34.wav,uav_db,no_drone,folder_name,train
data/processed/audio/no_drone/1-101296-A-193.wav,1-101296-A-193.wav,uav_db,no_drone,folder_name,train
data/processed/audio/no_drone/5-198278-C-74.wav,5-198278-C-74.wav,uav_db,no_drone,folder_name,train
data/processed/audio/drone/Membo_2_027-membo_003_.wav,Membo_2_027-membo_003_.wav,uav_db,drone,folder_name,train
data/processed/audio/drone/B_S2_D1_077-bebop_003_.wav,B_S2_D1_077-bebop_003_.wav,uav_db,drone,folder_name,train
data/processed/audio/no_drone/4-163606-A-161.wav,4-163606-A-161.wav,uav_db,no_drone,folder_name,train
data/processed/audio/no_drone/5-233260-A-231.wav,5-233260-A-231.wav,uav_db,no_drone,folder_name,train
data/processed/audio/drone/B_S2_D1_067-bebop_001_.wav,B_S2_D1_067-bebop_001_.wav,uav_db,drone,folder_name,train
data/processed/audio/drone/Membo_2_010-membo_003_.wav,Membo_2_010-membo_003_.wav,uav_db,drone,folder_name,train
data/processed/audio/drone/mixed_3-bebop_004_.wav,mixed_3-bebop_004_.wav,uav_db,drone,folder_name,train
data/processed/audio/no_drone/5-187979-A-212.wav,5-187979-A-212.wav,uav_db,no_drone,folder_name,train
data/processed/audio/drone/mixed_10-bebop_004_.wav,mixed_10-bebop_004_.wav,uav_db,drone,folder_name,train
data/processed/audio/no_drone/4-191246-A-74.wav,4-191246-A-74.wav,uav_db,no_drone,folder_name,train
data/processed/audio/no_drone/2-106849-A-474.wav,2-106849-A-474.wav,uav_db,no_drone,folder_name,train
data/processed/audio/no_drone/5-207836-C-290.wav,5-207836-C-290.wav,uav_db,no_drone,folder_name,train
data/processed/audio/no_drone/1-211527-C-203.wav,1-211527-C-203.wav,uav_db,no_drone,folder_name,train
data/processed/audio/drone/mixed_55-bebop_004_.wav,mixed_55-bebop_004_.wav,uav_db,drone,folder_name,train
data/processed/audio/no_drone/silence181.wav,silence181.wav,uav_db,no_drone,folder_name,train
data/processed/audio/no_drone/1-39835-B-90.wav,1-39835-B-90.wav,uav_db,no_drone,folder_name,train
data/processed/audio/no_drone/1-53670-A-184.wav,1-53670-A-184.wav,uav_db,no_drone,folder_name,train
data/processed/audio/no_drone/5-188606-A-334.wav,5-188606-A-334.wav,uav_db,no_drone,folder_name,train
data/processed/audio/no_drone/4-232495-A-60.wav,4-232495-A-60.wav,uav_db,no_drone,folder_name,train
data/processed/audio/drone/B_S2_D1_096-bebop_003_.wav,B_S2_D1_096-bebop_003_.wav,uav_db,drone,folder_name,train
data/processed/audio/drone/Membo_2_014-membo_000_.wav,Membo_2_014-membo_000_.wav,uav_db,drone,folder_name,train
data/processed/audio/drone/Membo_2_016-membo_003_.wav,Membo_2_016-membo_003_.wav,uav_db,drone,folder_name,train
data/processed/audio/no_drone/1-44831-A-13.wav,1-44831-A-13.wav,uav_db,no_drone,folder_name,train
data/processed/audio/drone/mixed_1-bebop_000_.wav,mixed_1-bebop_000_.wav,uav_db,drone,folder_name,train
data/processed/audio/no_drone/4-204777-A-390.wav,4-204777-A-390.wav,uav_db,no_drone,folder_name,train
data/processed/audio/drone/B_S2_D1_090-bebop_001_.wav,B_S2_D1_090-bebop_001_.wav,uav_db,drone,folder_name,train
data/processed/audio/drone/B_S2_D1_125-bebop_004_.wav,B_S2_D1_125-bebop_004_.wav,uav_db,drone,folder_name,train
data/processed/audio/no_drone/1-49409-B-83.wav,1-49409-B-83.wav,uav_db,no_drone,folder_name,train
data/processed/audio/no_drone/4-119647-C-483.wav,4-119647-C-483.wav,uav_db,no_drone,folder_name,train
data/processed/audio/drone/mixed_49-bebop_001_.wav,mixed_49-bebop_001_.wav,uav_db,drone,folder_name,train
data/processed/audio/drone/extra_membo_D2_2029.wav,extra_membo_D2_2029.wav,uav_db,drone,folder_name,train
data/processed/audio/no_drone/3-124795-A-282.wav,3-124795-A-282.wav,uav_db,no_drone,folder_name,train
data/processed/audio/no_drone/2-102567-C-351.wav,2-102567-C-351.wav,uav_db,no_drone,folder_name,train
data/processed/audio/drone/B_S2_D1_089-bebop_003_.wav,B_S2_D1_089-bebop_003_.wav,uav_db,drone,folder_name,train
data/processed/audio/drone/Membo_2_020-membo_003_.wav,Membo_2_020-membo_003_.wav,uav_db,drone,folder_name,train
data/processed/audio/no_drone/1-26143-A-213.wav,1-26143-A-213.wav,uav_db,no_drone,folder_name,train
data/processed/audio/drone/mixed_membo_61-membo_001_.wav,mixed_membo_61-membo_001_.wav,uav_db,drone,folder_name,train
data/processed/audio/no_drone/3-180147-A-300.wav,3-180147-A-300.wav,uav_db,no_drone,folder_name,train
data/processed/audio/drone/mixed_membo_59-membo_002_.wav,mixed_membo_59-membo_002_.wav,uav_db,drone,folder_name,train
data/processed/audio/drone/mixed_membo_62-membo_000_.wav,mixed_membo_62-membo_000_.wav,uav_db,drone,folder_name,train
data/processed/audio/no_drone/1-22694-A-202.wav,1-22694-A-202.wav,uav_db,no_drone,folder_name,train
data/processed/audio/drone/B_S2_D1_087-bebop_001_.wav,B_S2_D1_087-bebop_001_.wav,uav_db,drone,folder_name,train
data/processed/audio/drone/mixed_36-bebop_002_.wav,mixed_36-bebop_002_.wav,uav_db,drone,folder_name,train
data/processed/audio/drone/Membo_0_017-membo_000_.wav,Membo_0_017-membo_000_.wav,uav_db,drone,folder_name,train
data/processed/audio/no_drone/1-115521-A-190.wav,1-115521-A-190.wav,uav_db,no_drone,folder_name,train
data/processed/audio/no_drone/2-118459-B-322.wav,2-118459-B-322.wav,uav_db,no_drone,folder_name,train
data/processed/audio/no_drone/1-260640-C-21.wav,1-260640-C-21.wav,uav_db,no_drone,folder_name,train
data/processed/audio/drone/mixed_membo_37-membo_002_.wav,mixed_membo_37-membo_002_.wav,uav_db,drone,folder_name,train
data/processed/audio/no_drone/2-122616-A-143.wav,2-122616-A-143.wav,uav_db,no_drone,folder_name,train
data/processed/audio/drone/extra_membo_D2_2054.wav,extra_membo_D2_2054.wav,uav_db,drone,folder_name,train
data/processed/audio/no_drone/4-185575-B-204.wav,4-185575-B-204.wav,uav_db,no_drone,folder_name,train
data/processed/audio/no_drone/4-169127-A-414.wav,4-169127-A-414.wav,uav_db,no_drone,folder_name,train
data/processed/audio/no_drone/3-105235-A-72.wav,3-105235-A-72.wav,uav_db,no_drone,folder_name,train
data/processed/audio/no_drone/3-119120-A-480.wav,3-119120-A-480.wav,uav_db,no_drone,folder_name,train
data/processed/audio/drone/B_S2_D1_109-bebop_001_.wav,B_S2_D1_109-bebop_001_.wav,uav_db,drone,folder_name,train
data/processed/audio/no_drone/5-242492-A-31.wav,5-242492-A-31.wav,uav_db,no_drone,folder_name,train
data/processed/audio/drone/mixed_membo_41-membo_002_.wav,mixed_membo_41-membo_002_.wav,uav_db,drone,folder_name,train
data/processed/audio/drone/mixed_5-bebop_002_.wav,mixed_5-bebop_002_.wav,uav_db,drone,folder_name,train
data/processed/audio/drone/mixed_membo_21-membo_000_.wav,mixed_membo_21-membo_000_.wav,uav_db,drone,folder_name,train
data/processed/audio/drone/B_S2_D1_114-bebop_000_.wav,B_S2_D1_114-bebop_000_.wav,uav_db,drone,folder_name,train
data/processed/audio/no_drone/3-103051-A-191.wav,3-103051-A-191.wav,uav_db,no_drone,folder_name,train
data/processed/audio/no_drone/3-118658-B-412.wav,3-118658-B-412.wav,uav_db,no_drone,folder_name,train
data/processed/audio/no_drone/5-205090-A-322.wav,5-205090-A-322.wav,uav_db,no_drone,folder_name,train
data/processed/audio/no_drone/1-28005-A-183.wav,1-28005-A-183.wav,uav_db,no_drone,folder_name,train
data/processed/audio/no_drone/5-254160-A-220.wav,5-254160-A-220.wav,uav_db,no_drone,folder_name,train
data/processed/audio/no_drone/3-146186-A-441.wav,3-146186-A-441.wav,uav_db,no_drone,folder_name,train
data/processed/audio/drone/mixed_58-bebop_003_.wav,mixed_58-bebop_003_.wav,uav_db,drone,folder_name,train
data/processed/audio/no_drone/5-117122-A-421.wav,5-117122-A-421.wav,uav_db,no_drone,folder_name,train
data/processed/audio/no_drone/2-70936-A-421.wav,2-70936-A-421.wav,uav_db,no_drone,folder_name,train
data/processed/audio/no_drone/1-21421-A-463.wav,1-21421-A-463.wav,uav_db,no_drone,folder_name,train
data/processed/audio/drone/Membo_0_012-membo_001_.wav,Membo_0_012-membo_001_.wav,uav_db,drone,folder_name,train
data/processed/audio/no_drone/3-203374-A-391.wav,3-203374-A-391.wav,uav_db,no_drone,folder_name,train
data/processed/audio/drone/B_S2_D1_067-bebop_002_.wav,B_S2_D1_067-bebop_002_.wav,uav_db,drone,folder_name,train
data/processed/audio/no_drone/4-181708-A-320.wav,4-181708-A-320.wav,uav_db,no_drone,folder_name,train
data/processed/audio/no_drone/1-28005-A-181.wav,1-28005-A-181.wav,uav_db,no_drone,folder_name,train
data/processed/audio/drone/Membo_0_012-membo_002_.wav,Membo_0_012-membo_002_.wav,uav_db,drone,folder_name,train
data/processed/audio/drone/mixed_membo_58-membo_003_.wav,mixed_membo_58-membo_003_.wav,uav_db,drone,folder_name,train
data/processed/audio/drone/Membo_2_010-membo_000_.wav,Membo_2_010-membo_000_.wav,uav_db,drone,folder_name,train
data/processed/audio/no_drone/3-139958-A-371.wav,3-139958-A-371.wav,uav_db,no_drone,folder_name,train
data/processed/audio/drone/Membo_0_039-membo_001_.wav,Membo_0_039-membo_001_.wav,uav_db,drone,folder_name,train
data/processed/audio/no_drone/3-144106-A-323.wav,3-144106-A-323.wav,uav_db,no_drone,folder_name,train
data/processed/audio/no_drone/5-193473-B-121.wav,5-193473-B-121.wav,uav_db,no_drone,folder_name,train
data/processed/audio/no_drone/4-161105-B-470.wav,4-161105-B-470.wav,uav_db,no_drone,folder_name,train
data/processed/audio/no_drone/5-235956-A-473.wav,5-235956-A-473.wav,uav_db,no_drone,folder_name,train
data/processed/audio/no_drone/3-159445-A-454.wav,3-159445-A-454.wav,uav_db,no_drone,folder_name,train
data/processed/audio/no_drone/3-150979-A-400.wav,3-150979-A-400.wav,uav_db,no_drone,folder_name,train
data/processed/audio/no_drone/exercise_bike007.wav,exercise_bike007.wav,uav_db,no_drone,folder_name,train
data/processed/audio/no_drone/5-188655-A-101.wav,5-188655-A-101.wav,uav_db,no_drone,folder_name,train
data/processed/audio/no_drone/4-102871-A-421.wav,4-102871-A-421.wav,uav_db,no_drone,folder_name,train
data/processed/audio/drone/B_S2_D1_115-bebop_000_.wav,B_S2_D1_115-bebop_000_.wav,uav_db,drone,folder_name,train
data/processed/audio/no_drone/5-156026-A-42.wav,5-156026-A-42.wav,uav_db,no_drone,folder_name,train
data/processed/audio/drone/mixed_23-bebop_004_.wav,mixed_23-bebop_004_.wav,uav_db,drone,folder_name,train
data/processed/audio/no_drone/3-103599-A-253.wav,3-103599-A-253.wav,uav_db,no_drone,folder_name,train
data/processed/audio/drone/extra_membo_D2_2052.wav,extra_membo_D2_2052.wav,uav_db,drone,folder_name,train
data/processed/audio/drone/extra_membo_D2_2053.wav,extra_membo_D2_2053.wav,uav_db,drone,folder_name,train
data/processed/audio/drone/extra_membo_D2_2003.wav,extra_membo_D2_2003.wav,uav_db,drone,folder_name,train
data/processed/audio/no_drone/1-196660-A-84.wav,1-196660-A-84.wav,uav_db,no_drone,folder_name,train
data/processed/audio/drone/B_S2_D1_089-bebop_002_.wav,B_S2_D1_089-bebop_002_.wav,uav_db,drone,folder_name,train
data/processed/audio/drone/mixed_34-bebop_000_.wav,mixed_34-bebop_000_.wav,uav_db,drone,folder_name,train
data/processed/audio/no_drone/3-163607-B-134.wav,3-163607-B-134.wav,uav_db,no_drone,folder_name,train
data/processed/audio/no_drone/3-108791-A-184.wav,3-108791-A-184.wav,uav_db,no_drone,folder_name,train
data/processed/audio/no_drone/4-196672-A-83.wav,4-196672-A-83.wav,uav_db,no_drone,folder_name,train
data/processed/audio/no_drone/5-211408-A-370.wav,5-211408-A-370.wav,uav_db,no_drone,folder_name,train
data/processed/audio/no_drone/1-208757-D-20.wav,1-208757-D-20.wav,uav_db,no_drone,folder_name,train
data/processed/audio/drone/mixed_membo_63-membo_003_.wav,mixed_membo_63-membo_003_.wav,uav_db,drone,folder_name,train
data/processed/audio/drone/mixed_31-bebop_002_.wav,mixed_31-bebop_002_.wav,uav_db,drone,folder_name,train
data/processed/audio/no_drone/1-61212-A-321.wav,1-61212-A-321.wav,uav_db,no_drone,folder_name,train
data/processed/audio/drone/B_S2_D1_126-bebop_003_.wav,B_S2_D1_126-bebop_003_.wav,uav_db,drone,folder_name,train
data/processed/audio/no_drone/1-23706-A-490.wav,1-23706-A-490.wav,uav_db,no_drone,folder_name,train
data/processed/audio/no_drone/5-195710-A-101.wav,5-195710-A-101.wav,uav_db,no_drone,folder_name,train
data/processed/audio/no_drone/1-172649-D-403.wav,1-172649-D-403.wav,uav_db,no_drone,folder_name,train
data/processed/audio/drone/B_S2_D1_099-bebop_003_.wav,B_S2_D1_099-bebop_003_.wav,uav_db,drone,folder_name,train
data/processed/audio/drone/mixed_membo_2-membo_002_.wav,mixed_membo_2-membo_002_.wav,uav_db,drone,folder_name,train
data/processed/audio/no_drone/2-72547-C-144.wav,2-72547-C-144.wav,uav_db,no_drone,folder_name,train
data/processed/audio/no_drone/4-183882-A-283.wav,4-183882-A-283.wav,uav_db,no_drone,folder_name,train
data/processed/audio/drone/Membo_2_019-membo_002_.wav,Membo_2_019-membo_002_.wav,uav_db,drone,folder_name,train
data/processed/audio/drone/Membo_0_006-membo_001_.wav,Membo_0_006-membo_001_.wav,uav_db,drone,folder_name,train
data/processed/audio/no_drone/1-57316-A-132.wav,1-57316-A-132.wav,uav_db,no_drone,folder_name,train
data/processed/audio/no_drone/2-70052-A-423.wav,2-70052-A-423.wav,uav_db,no_drone,folder_name,train
data/processed/audio/drone/mixed_10-bebop_000_.wav,mixed_10-bebop_000_.wav,uav_db,drone,folder_name,train
data/processed/audio/drone/mixed_membo_63-membo_001_.wav,mixed_membo_63-membo_001_.wav,uav_db,drone,folder_name,train
data/processed/audio/no_drone/5-198411-G-201.wav,5-198411-G-201.wav,uav_db,no_drone,folder_name,train
data/processed/audio/drone/B_S2_D1_100-bebop_002_.wav,B_S2_D1_100-bebop_002_.wav,uav_db,drone,folder_name,train
data/processed/audio/drone/mixed_membo_33-membo_003_.wav,mixed_membo_33-membo_003_.wav,uav_db,drone,folder_name,train
data/processed/audio/drone/mixed_30-bebop_002_.wav,mixed_30-bebop_002_.wav,uav_db,drone,folder_name,train
data/processed/audio/no_drone/1-59102-A-130.wav,1-59102-A-130.wav,uav_db,no_drone,folder_name,train
data/processed/audio/drone/B_S2_D1_093-bebop_001_.wav,B_S2_D1_093-bebop_001_.wav,uav_db,drone,folder_name,train
data/processed/audio/drone/mixed_15-bebop_003_.wav,mixed_15-bebop_003_.wav,uav_db,drone,folder_name,train
data/processed/audio/drone/mixed_4-bebop_000_.wav,mixed_4-bebop_000_.wav,uav_db,drone,folder_name,train
data/processed/audio/no_drone/5-214759-B-52.wav,5-214759-B-52.wav,uav_db,no_drone,folder_name,train
data/processed/audio/drone/mixed_membo_7-membo_003_.wav,mixed_membo_7-membo_003_.wav,uav_db,drone,folder_name,train
data/processed/audio/no_drone/3-155583-A-142.wav,3-155583-A-142.wav,uav_db,no_drone,folder_name,train
data/processed/audio/no_drone/silence134.wav,silence134.wav,uav_db,no_drone,folder_name,train
data/processed/audio/drone/mixed_27-bebop_000_.wav,mixed_27-bebop_000_.wav,uav_db,drone,folder_name,train
data/processed/audio/no_drone/4-160999-A-100.wav,4-160999-A-100.wav,uav_db,no_drone,folder_name,train
data/processed/audio/no_drone/5-157204-B-160.wav,5-157204-B-160.wav,uav_db,no_drone,folder_name,train
data/processed/audio/drone/B_S2_D1_130-bebop_003_.wav,B_S2_D1_130-bebop_003_.wav,uav_db,drone,folder_name,train
data/processed/audio/drone/Membo_1_042-membo_000_.wav,Membo_1_042-membo_000_.wav,uav_db,drone,folder_name,train
data/processed/audio/no_drone/2-118072-A-04.wav,2-118072-A-04.wav,uav_db,no_drone,folder_name,train
data/processed/audio/drone/Membo_1_044-membo_001_.wav,Membo_1_044-membo_001_.wav,uav_db,drone,folder_name,train
data/processed/audio/drone/Membo_0_000-membo_001_.wav,Membo_0_000-membo_001_.wav,uav_db,drone,folder_name,train
data/processed/audio/drone/B_S2_D1_093-bebop_003_.wav,B_S2_D1_093-bebop_003_.wav,uav_db,drone,folder_name,train
data/processed/audio/drone/mixed_65-bebop_002_.wav,mixed_65-bebop_002_.wav,uav_db,drone,folder_name,train
data/processed/audio/drone/B_S2_D1_083-bebop_003_.wav,B_S2_D1_083-bebop_003_.wav,uav_db,drone,folder_name,train
data/processed/audio/no_drone/4-156227-A-93.wav,4-156227-A-93.wav,uav_db,no_drone,folder_name,train
data/processed/audio/drone/mixed_membo_20-membo_000_.wav,mixed_membo_20-membo_000_.wav,uav_db,drone,folder_name,train
data/processed/audio/no_drone/3-142593-A-380.wav,3-142593-A-380.wav,uav_db,no_drone,folder_name,train
data/processed/audio/no_drone/1-81883-A-212.wav,1-81883-A-212.wav,uav_db,no_drone,folder_name,train
data/processed/audio/no_drone/silence249.wav,silence249.wav,uav_db,no_drone,folder_name,train
data/processed/audio/drone/B_S2_D1_088-bebop_004_.wav,B_S2_D1_088-bebop_004_.wav,uav_db,drone,folder_name,train
data/processed/audio/drone/mixed_membo_32-membo_003_.wav,mixed_membo_32-membo_003_.wav,uav_db,drone,folder_name,train
data/processed/audio/drone/Membo_1_048-membo_001_.wav,Membo_1_048-membo_001_.wav,uav_db,drone,folder_name,train
data/processed/audio/drone/B_S2_D1_073-bebop_000_.wav,B_S2_D1_073-bebop_000_.wav,uav_db,drone,folder_name,train
data/processed/audio/drone/mixed_66-bebop_002_.wav,mixed_66-bebop_002_.wav,uav_db,drone,folder_name,train
data/processed/audio/drone/mixed_64-bebop_001_.wav,mixed_64-bebop_001_.wav,uav_db,drone,folder_name,train
data/processed/audio/drone/B_S2_D1_097-bebop_003_.wav,B_S2_D1_097-bebop_003_.wav,uav_db,drone,folder_name,train
data/processed/audio/drone/B_S2_D1_132-bebop_004_.wav,B_S2_D1_132-bebop_004_.wav,uav_db,drone,folder_name,train
data/processed/audio/drone/mixed_7-bebop_001_.wav,mixed_7-bebop_001_.wav,uav_db,drone,folder_name,train
data/processed/audio/no_drone/5-198411-E-204.wav,5-198411-E-204.wav,uav_db,no_drone,folder_name,train
data/processed/audio/drone/mixed_17-bebop_004_.wav,mixed_17-bebop_004_.wav,uav_db,drone,folder_name,train
data/processed/audio/no_drone/5-219379-A-111.wav,5-219379-A-111.wav,uav_db,no_drone,folder_name,train
data/processed/audio/no_drone/1-137296-A-160.wav,1-137296-A-160.wav,uav_db,no_drone,folder_name,train
data/processed/audio/no_drone/1-19872-B-362.wav,1-19872-B-362.wav,uav_db,no_drone,folder_name,train
data/processed/audio/drone/mixed_membo_43-membo_002_.wav,mixed_membo_43-membo_002_.wav,uav_db,drone,folder_name,train
data/processed/audio/no_drone/2-91912-B-333.wav,2-91912-B-333.wav,uav_db,no_drone,folder_name,train
data/processed/audio/drone/mixed_membo_22-membo_002_.wav,mixed_membo_22-membo_002_.wav,uav_db,drone,folder_name,train
data/processed/audio/no_drone/2-70052-A-424.wav,2-70052-A-424.wav,uav_db,no_drone,folder_name,train
data/processed/audio/no_drone/2-102414-E-173.wav,2-102414-E-173.wav,uav_db,no_drone,folder_name,train
data/processed/audio/drone/Membo_1_048-membo_002_.wav,Membo_1_048-membo_002_.wav,uav_db,drone,folder_name,train
data/processed/audio/drone/B_S2_D1_068-bebop_003_.wav,B_S2_D1_068-bebop_003_.wav,uav_db,drone,folder_name,train
data/processed/audio/drone/mixed_membo_66-membo_003_.wav,mixed_membo_66-membo_003_.wav,uav_db,drone,folder_name,train
data/processed/audio/no_drone/4-168155-A-154.wav,4-168155-A-154.wav,uav_db,no_drone,folder_name,train
data/processed/audio/no_drone/4-186938-A-442.wav,4-186938-A-442.wav,uav_db,no_drone,folder_name,train
data/processed/audio/no_drone/5-195710-A-102.wav,5-195710-A-102.wav,uav_db,no_drone,folder_name,train
data/processed/audio/drone/B_S2_D1_098-bebop_003_.wav,B_S2_D1_098-bebop_003_.wav,uav_db,drone,folder_name,train
data/processed/audio/drone/mixed_25-bebop_002_.wav,mixed_25-bebop_002_.wav,uav_db,drone,folder_name,train
data/processed/audio/drone/B_S2_D1_125-bebop_000_.wav,B_S2_D1_125-bebop_000_.wav,uav_db,drone,folder_name,train
data/processed/audio/no_drone/5-161270-B-333.wav,5-161270-B-333.wav,uav_db,no_drone,folder_name,train
data/processed/audio/no_drone/2-96063-A-370.wav,2-96063-A-370.wav,uav_db,no_drone,folder_name,train
data/processed/audio/drone/Membo_1_032-membo_001_.wav,Membo_1_032-membo_001_.wav,uav_db,drone,folder_name,train
data/processed/audio/no_drone/5-201664-A-181.wav,5-201664-A-181.wav,uav_db,no_drone,folder_name,train
data/processed/audio/no_drone/2-83934-A-51.wav,2-83934-A-51.wav,uav_db,no_drone,folder_name,train
data/processed/audio/drone/mixed_49-bebop_003_.wav,mixed_49-bebop_003_.wav,uav_db,drone,folder_name,train
data/processed/audio/no_drone/4-140034-A-462.wav,4-140034-A-462.wav,uav_db,no_drone,folder_name,train
data/processed/audio/no_drone/3-152007-C-204.wav,3-152007-C-204.wav,uav_db,no_drone,folder_name,train
data/processed/audio/drone/B_S2_D1_119-bebop_004_.wav,B_S2_D1_119-bebop_004_.wav,uav_db,drone,folder_name,train
data/processed/audio/drone/B_S2_D1_087-bebop_002_.wav,B_S2_D1_087-bebop_002_.wav,uav_db,drone,folder_name,train
data/processed/audio/drone/mixed_membo_6-membo_001_.wav,mixed_membo_6-membo_001_.wav,uav_db,drone,folder_name,train
data/processed/audio/no_drone/5-201194-A-382.wav,5-201194-A-382.wav,uav_db,no_drone,folder_name,train
data/processed/audio/drone/mixed_membo_40-membo_003_.wav,mixed_membo_40-membo_003_.wav,uav_db,drone,folder_name,train
data/processed/audio/no_drone/5-212730-A-173.wav,5-212730-A-173.wav,uav_db,no_drone,folder_name,train
data/processed/audio/no_drone/1-27166-A-353.wav,1-27166-A-353.wav,uav_db,no_drone,folder_name,train
data/processed/audio/drone/B_S2_D1_115-bebop_003_.wav,B_S2_D1_115-bebop_003_.wav,uav_db,drone,folder_name,train
data/processed/audio/no_drone/4-165823-A-412.wav,4-165823-A-412.wav,uav_db,no_drone,folder_name,train
data/processed/audio/no_drone/5-208810-A-114.wav,5-208810-A-114.wav,uav_db,no_drone,folder_name,train
data/processed/audio/no_drone/1-72195-A-370.wav,1-72195-A-370.wav,uav_db,no_drone,folder_name,train
data/processed/audio/no_drone/4-191246-A-72.wav,4-191246-A-72.wav,uav_db,no_drone,folder_name,train
data/processed/audio/no_drone/1-50454-A-444.wav,1-50454-A-444.wav,uav_db,no_drone,folder_name,train
data/processed/audio/no_drone/4-218304-A-250.wav,4-218304-A-250.wav,uav_db,no_drone,folder_name,train
data/processed/audio/no_drone/running_tap011.wav,running_tap011.wav,uav_db,no_drone,folder_name,train
data/processed/audio/drone/mixed_17-bebop_001_.wav,mixed_17-bebop_001_.wav,uav_db,drone,folder_name,train
data/processed/audio/no_drone/5-257839-A-140.wav,5-257839-A-140.wav,uav_db,no_drone,folder_name,train
data/processed/audio/drone/mixed_membo_55-membo_000_.wav,mixed_membo_55-membo_000_.wav,uav_db,drone,folder_name,train
data/processed/audio/no_drone/4-205738-A-220.wav,4-205738-A-220.wav,uav_db,no_drone,folder_name,train
data/processed/audio/no_drone/4-147658-A-464.wav,4-147658-A-464.wav,uav_db,no_drone,folder_name,train
data/processed/audio/drone/mixed_membo_9-membo_004_.wav,mixed_membo_9-membo_004_.wav,uav_db,drone,folder_name,train
data/processed/audio/no_drone/1-50623-A-153.wav,1-50623-A-153.wav,uav_db,no_drone,folder_name,train
data/processed/audio/drone/mixed_36-bebop_000_.wav,mixed_36-bebop_000_.wav,uav_db,drone,folder_name,train
data/processed/audio/no_drone/1-211527-C-202.wav,1-211527-C-202.wav,uav_db,no_drone,folder_name,train
data/processed/audio/no_drone/1-18655-A-313.wav,1-18655-A-313.wav,uav_db,no_drone,folder_name,train
data/processed/audio/no_drone/4-195305-A-310.wav,4-195305-A-310.wav,uav_db,no_drone,folder_name,train
data/processed/audio/no_drone/4-218199-E-352.wav,4-218199-E-352.wav,uav_db,no_drone,folder_name,train
data/processed/audio/drone/Membo_1_041-membo_000_.wav,Membo_1_041-membo_000_.wav,uav_db,drone,folder_name,train
data/processed/audio/no_drone/4-171396-A-244.wav,4-171396-A-244.wav,uav_db,no_drone,folder_name,train
data/processed/audio/no_drone/3-68630-C-402.wav,3-68630-C-402.wav,uav_db,no_drone,folder_name,train
data/processed/audio/no_drone/1-26222-A-104.wav,1-26222-A-104.wav,uav_db,no_drone,folder_name,train
data/processed/audio/no_drone/2-120218-A-303.wav,2-120218-A-303.wav,uav_db,no_drone,folder_name,train
data/processed/audio/drone/mixed_9-bebop_004_.wav,mixed_9-bebop_004_.wav,uav_db,drone,folder_name,train
data/processed/audio/drone/Membo_1_031-membo_001_.wav,Membo_1_031-membo_001_.wav,uav_db,drone,folder_name,train
data/processed/audio/drone/Membo_0_016-membo_001_.wav,Membo_0_016-membo_001_.wav,uav_db,drone,folder_name,train
data/processed/audio/drone/B_S2_D1_118-bebop_000_.wav,B_S2_D1_118-bebop_000_.wav,uav_db,drone,folder_name,train
data/processed/audio/drone/Membo_1_032-membo_004_.wav,Membo_1_032-membo_004_.wav,uav_db,drone,folder_name,train
data/processed/audio/no_drone/5-195517-A-73.wav,5-195517-A-73.wav,uav_db,no_drone,folder_name,train
data/processed/audio/no_drone/5-218980-A-304.wav,5-218980-A-304.wav,uav_db,no_drone,folder_name,train
data/processed/audio/no_drone/2-85945-A-180.wav,2-85945-A-180.wav,uav_db,no_drone,folder_name,train
data/processed/audio/no_drone/4-200330-A-61.wav,4-200330-A-61.wav,uav_db,no_drone,folder_name,train
data/processed/audio/no_drone/1-34094-B-53.wav,1-34094-B-53.wav,uav_db,no_drone,folder_name,train
data/processed/audio/no_drone/4-167063-B-112.wav,4-167063-B-112.wav,uav_db,no_drone,folder_name,train
data/processed/audio/drone/Membo_1_000-membo_001_.wav,Membo_1_000-membo_001_.wav,uav_db,drone,folder_name,train
data/processed/audio/drone/Membo_0_000-membo_002_.wav,Membo_0_000-membo_002_.wav,uav_db,drone,folder_name,train
data/processed/audio/drone/mixed_6-bebop_000_.wav,mixed_6-bebop_000_.wav,uav_db,drone,folder_name,train
data/processed/audio/no_drone/3-115387-B-474.wav,3-115387-B-474.wav,uav_db,no_drone,folder_name,train
data/processed/audio/drone/B_S2_D1_116-bebop_001_.wav,B_S2_D1_116-bebop_001_.wav,uav_db,drone,folder_name,train
data/processed/audio/drone/mixed_28-bebop_003_.wav,mixed_28-bebop_003_.wav,uav_db,drone,folder_name,train
data/processed/audio/drone/B_S2_D1_075-bebop_001_.wav,B_S2_D1_075-bebop_001_.wav,uav_db,drone,folder_name,train
data/processed/audio/no_drone/3-119120-A-484.wav,3-119120-A-484.wav,uav_db,no_drone,folder_name,train
data/processed/audio/drone/mixed_62-bebop_002_.wav,mixed_62-bebop_002_.wav,uav_db,drone,folder_name,train
data/processed/audio/drone/mixed_membo_12-membo_002_.wav,mixed_membo_12-membo_002_.wav,uav_db,drone,folder_name,train
data/processed/audio/no_drone/4-90014-A-424.wav,4-90014-A-424.wav,uav_db,no_drone,folder_name,train
data/processed/audio/drone/mixed_59-bebop_004_.wav,mixed_59-bebop_004_.wav,uav_db,drone,folder_name,train
data/processed/audio/drone/mixed_21-bebop_003_.wav,mixed_21-bebop_003_.wav,uav_db,drone,folder_name,train
data/processed/audio/no_drone/5-209992-B-440.wav,5-209992-B-440.wav,uav_db,no_drone,folder_name,train
data/processed/audio/no_drone/3-94355-A-332.wav,3-94355-A-332.wav,uav_db,no_drone,folder_name,train
data/processed/audio/drone/Membo_0_005-membo_004_.wav,Membo_0_005-membo_004_.wav,uav_db,drone,folder_name,train
data/processed/audio/no_drone/5-117120-A-424.wav,5-117120-A-424.wav,uav_db,no_drone,folder_name,train
data/processed/audio/drone/mixed_65-bebop_003_.wav,mixed_65-bebop_003_.wav,uav_db,drone,folder_name,train
data/processed/audio/no_drone/2-30322-B-122.wav,2-30322-B-122.wav,uav_db,no_drone,folder_name,train
data/processed/audio/no_drone/4-141365-A-184.wav,4-141365-A-184.wav,uav_db,no_drone,folder_name,train
data/processed/audio/drone/mixed_16-bebop_002_.wav,mixed_16-bebop_002_.wav,uav_db,drone,folder_name,train
data/processed/audio/no_drone/1-7973-A-70.wav,1-7973-A-70.wav,uav_db,no_drone,folder_name,train
data/processed/audio/no_drone/running_tap000.wav,running_tap000.wav,uav_db,no_drone,folder_name,train
data/processed/audio/no_drone/4-178402-A-433.wav,4-178402-A-433.wav,uav_db,no_drone,folder_name,train
data/processed/audio/no_drone/5-238492-A-234.wav,5-238492-A-234.wav,uav_db,no_drone,folder_name,train
data/processed/audio/no_drone/5-200329-A-84.wav,5-200329-A-84.wav,uav_db,no_drone,folder_name,train
data/processed/audio/no_drone/1-18810-A-490.wav,1-18810-A-490.wav,uav_db,no_drone,folder_name,train
data/processed/audio/drone/mixed_36-bebop_004_.wav,mixed_36-bebop_004_.wav,uav_db,drone,folder_name,train
data/processed/audio/drone/mixed_membo_31-membo_003_.wav,mixed_membo_31-membo_003_.wav,uav_db,drone,folder_name,train
data/processed/audio/no_drone/1-101404-A-344.wav,1-101404-A-344.wav,uav_db,no_drone,folder_name,train
data/processed/audio/no_drone/2-69131-A-54.wav,2-69131-A-54.wav,uav_db,no_drone,folder_name,train
data/processed/audio/no_drone/1-16568-A-30.wav,1-16568-A-30.wav,uav_db,no_drone,folder_name,train
data/processed/audio/drone/B_S2_D1_116-bebop_000_.wav,B_S2_D1_116-bebop_000_.wav,uav_db,drone,folder_name,train
data/processed/audio/drone/B_S2_D1_095-bebop_000_.wav,B_S2_D1_095-bebop_000_.wav,uav_db,drone,folder_name,train
data/processed/audio/no_drone/2-120587-A-63.wav,2-120587-A-63.wav,uav_db,no_drone,folder_name,train
data/processed/audio/no_drone/2-60791-A-264.wav,2-60791-A-264.wav,uav_db,no_drone,folder_name,train
data/processed/audio/no_drone/1-56380-B-53.wav,1-56380-B-53.wav,uav_db,no_drone,folder_name,train
data/processed/audio/no_drone/4-218199-E-350.wav,4-218199-E-350.wav,uav_db,no_drone,folder_name,train
data/processed/audio/no_drone/1-28005-A-180.wav,1-28005-A-180.wav,uav_db,no_drone,folder_name,train
data/processed/audio/no_drone/1-67152-A-170.wav,1-67152-A-170.wav,uav_db,no_drone,folder_name,train
data/processed/audio/drone/B_S2_D1_068-bebop_000_.wav,B_S2_D1_068-bebop_000_.wav,uav_db,drone,folder_name,train
data/processed/audio/drone/B_S2_D1_094-bebop_003_.wav,B_S2_D1_094-bebop_003_.wav,uav_db,drone,folder_name,train
data/processed/audio/no_drone/2-160888-A-471.wav,2-160888-A-471.wav,uav_db,no_drone,folder_name,train
data/processed/audio/drone/mixed_43-bebop_001_.wav,mixed_43-bebop_001_.wav,uav_db,drone,folder_name,train
data/processed/audio/drone/B_S2_D1_123-bebop_004_.wav,B_S2_D1_123-bebop_004_.wav,uav_db,drone,folder_name,train
data/processed/audio/drone/mixed_membo_0-membo_004_.wav,mixed_membo_0-membo_004_.wav,uav_db,drone,folder_name,train
data/processed/audio/drone/mixed_membo_9-membo_003_.wav,mixed_membo_9-membo_003_.wav,uav_db,drone,folder_name,train
data/processed/audio/drone/mixed_membo_19-membo_001_.wav,mixed_membo_19-membo_001_.wav,uav_db,drone,folder_name,train
data/processed/audio/no_drone/silence248.wav,silence248.wav,uav_db,no_drone,folder_name,train
data/processed/audio/drone/mixed_membo_30-membo_001_.wav,mixed_membo_30-membo_001_.wav,uav_db,drone,folder_name,train
data/processed/audio/no_drone/5-263490-A-253.wav,5-263490-A-253.wav,uav_db,no_drone,folder_name,train
data/processed/audio/drone/Membo_0_014-membo_003_.wav,Membo_0_014-membo_003_.wav,uav_db,drone,folder_name,train
data/processed/audio/drone/mixed_membo_34-membo_004_.wav,mixed_membo_34-membo_004_.wav,uav_db,drone,folder_name,train
data/processed/audio/no_drone/5-160614-A-480.wav,5-160614-A-480.wav,uav_db,no_drone,folder_name,train
data/processed/audio/drone/mixed_membo_13-membo_002_.wav,mixed_membo_13-membo_002_.wav,uav_db,drone,folder_name,train
data/processed/audio/drone/extra_membo_D2_2023.wav,extra_membo_D2_2023.wav,uav_db,drone,folder_name,train
data/processed/audio/no_drone/2-209471-A-252.wav,2-209471-A-252.wav,uav_db,no_drone,folder_name,train
data/processed/audio/no_drone/2-141681-A-362.wav,2-141681-A-362.wav,uav_db,no_drone,folder_name,train
data/processed/audio/drone/B_S2_D1_088-bebop_001_.wav,B_S2_D1_088-bebop_001_.wav,uav_db,drone,folder_name,train
data/processed/audio/drone/mixed_membo_55-membo_003_.wav,mixed_membo_55-membo_003_.wav,uav_db,drone,folder_name,train
data/processed/audio/no_drone/5-215172-A-132.wav,5-215172-A-132.wav,uav_db,no_drone,folder_name,train
data/processed/audio/no_drone/1-17150-A-124.wav,1-17150-A-124.wav,uav_db,no_drone,folder_name,train
data/processed/audio/no_drone/4-186962-A-443.wav,4-186962-A-443.wav,uav_db,no_drone,folder_name,train
data/processed/audio/drone/Membo_0_011-membo_000_.wav,Membo_0_011-membo_000_.wav,uav_db,drone,folder_name,train
data/processed/audio/no_drone/5-198891-B-84.wav,5-198891-B-84.wav,uav_db,no_drone,folder_name,train
data/processed/audio/no_drone/3-158476-A-121.wav,3-158476-A-121.wav,uav_db,no_drone,folder_name,train
data/processed/audio/drone/mixed_membo_58-membo_001_.wav,mixed_membo_58-membo_001_.wav,uav_db,drone,folder_name,train
data/processed/audio/no_drone/1-24074-A-431.wav,1-24074-A-431.wav,uav_db,no_drone,folder_name,train
data/processed/audio/no_drone/2-196688-A-81.wav,2-196688-A-81.wav,uav_db,no_drone,folder_name,train
data/processed/audio/no_drone/3-112557-B-232.wav,3-112557-B-232.wav,uav_db,no_drone,folder_name,train
data/processed/audio/drone/B_S2_D1_108-bebop_000_.wav,B_S2_D1_108-bebop_000_.wav,uav_db,drone,folder_name,train
data/processed/audio/no_drone/2-28314-A-124.wav,2-28314-A-124.wav,uav_db,no_drone,folder_name,train
data/processed/audio/drone/mixed_9-bebop_000_.wav,mixed_9-bebop_000_.wav,uav_db,drone,folder_name,train
data/processed/audio/no_drone/5-180156-A-431.wav,5-180156-A-431.wav,uav_db,no_drone,folder_name,train
data/processed/audio/drone/mixed_membo_56-membo_003_.wav,mixed_membo_56-membo_003_.wav,uav_db,drone,folder_name,train
data/processed/audio/no_drone/4-161099-A-470.wav,4-161099-A-470.wav,uav_db,no_drone,folder_name,train
data/processed/audio/drone/mixed_8-bebop_002_.wav,mixed_8-bebop_002_.wav,uav_db,drone,folder_name,train
data/processed/audio/drone/B_S2_D1_114-bebop_002_.wav,B_S2_D1_114-bebop_002_.wav,uav_db,drone,folder_name,train
data/processed/audio/no_drone/1-88574-A-80.wav,1-88574-A-80.wav,uav_db,no_drone,folder_name,train
data/processed/audio/no_drone/2-102414-B-174.wav,2-102414-B-174.wav,uav_db,no_drone,folder_name,train
data/processed/audio/no_drone/4-213915-B-33.wav,4-213915-B-33.wav,uav_db,no_drone,folder_name,train
data/processed/audio/drone/David_Tricopter_43.wav,David_Tricopter_43.wav,uav_db,drone,folder_name,train
data/processed/audio/drone/Membo_0_000-membo_000_.wav,Membo_0_000-membo_000_.wav,uav_db,drone,folder_name,train
data/processed/audio/drone/mixed_18-bebop_001_.wav,mixed_18-bebop_001_.wav,uav_db,drone,folder_name,train
data/processed/audio/no_drone/2-76868-A-64.wav,2-76868-A-64.wav,uav_db,no_drone,folder_name,train
data/processed/audio/no_drone/2-114280-A-00.wav,2-114280-A-00.wav,uav_db,no_drone,folder_name,train
data/processed/audio/drone/mixed_51-bebop_000_.wav,mixed_51-bebop_000_.wav,uav_db,drone,folder_name,train
data/processed/audio/no_drone/4-167077-C-203.wav,4-167077-C-203.wav,uav_db,no_drone,folder_name,train
data/processed/audio/no_drone/2-188822-C-400.wav,2-188822-C-400.wav,uav_db,no_drone,folder_name,train
data/processed/audio/drone/mixed_membo_62-membo_001_.wav,mixed_membo_62-membo_001_.wav,uav_db,drone,folder_name,train
data/processed/audio/no_drone/1-19898-B-414.wav,1-19898-B-414.wav,uav_db,no_drone,folder_name,train
data/processed/audio/drone/B_S2_D1_093-bebop_002_.wav,B_S2_D1_093-bebop_002_.wav,uav_db,drone,folder_name,train
data/processed/audio/drone/Membo_0_001-membo_002_.wav,Membo_0_001-membo_002_.wav,uav_db,drone,folder_name,train
data/processed/audio/drone/mixed_membo_36-membo_003_.wav,mixed_membo_36-membo_003_.wav,uav_db,drone,folder_name,train
data/processed/audio/no_drone/4-204115-A-393.wav,4-204115-A-393.wav,uav_db,no_drone,folder_name,train
data/processed/audio/no_drone/3-119120-B-481.wav,3-119120-B-481.wav,uav_db,no_drone,folder_name,train
data/processed/audio/drone/B_S2_D1_077-bebop_001_.wav,B_S2_D1_077-bebop_001_.wav,uav_db,drone,folder_name,train
data/processed/audio/drone/mixed_9-bebop_003_.wav,mixed_9-bebop_003_.wav,uav_db,drone,folder_name,train
data/processed/audio/no_drone/2-91912-A-332.wav,2-91912-A-332.wav,uav_db,no_drone,folder_name,train
data/processed/audio/no_drone/2-104475-A-372.wav,2-104475-A-372.wav,uav_db,no_drone,folder_name,train
data/processed/audio/no_drone/4-216349-A-340.wav,4-216349-A-340.wav,uav_db,no_drone,folder_name,train
data/processed/audio/no_drone/1-19872-A-360.wav,1-19872-A-360.wav,uav_db,no_drone,folder_name,train
data/processed/audio/drone/mixed_membo_26-membo_002_.wav,mixed_membo_26-membo_002_.wav,uav_db,drone,folder_name,train
data/processed/audio/drone/B_S2_D1_069-bebop_002_.wav,B_S2_D1_069-bebop_002_.wav,uav_db,drone,folder_name,train
data/processed/audio/no_drone/5-218980-A-303.wav,5-218980-A-303.wav,uav_db,no_drone,folder_name,train
data/processed/audio/no_drone/2-72268-A-63.wav,2-72268-A-63.wav,uav_db,no_drone,folder_name,train
data/processed/audio/no_drone/2-65750-A-11.wav,2-65750-A-11.wav,uav_db,no_drone,folder_name,train
data/processed/audio/drone/Membo_1_000-membo_004_.wav,Membo_1_000-membo_004_.wav,uav_db,drone,folder_name,train
data/processed/audio/drone/Membo_0_038-membo_002_.wav,Membo_0_038-membo_002_.wav,uav_db,drone,folder_name,train
data/processed/audio/no_drone/2-54961-A-232.wav,2-54961-A-232.wav,uav_db,no_drone,folder_name,train
data/processed/audio/no_drone/3-108677-A-181.wav,3-108677-A-181.wav,uav_db,no_drone,folder_name,train
data/processed/audio/no_drone/2-68391-A-411.wav,2-68391-A-411.wav,uav_db,no_drone,folder_name,train
data/processed/audio/no_drone/3-138114-A-223.wav,3-138114-A-223.wav,uav_db,no_drone,folder_name,train
data/processed/audio/no_drone/5-236288-A-283.wav,5-236288-A-283.wav,uav_db,no_drone,folder_name,train
data/processed/audio/no_drone/3-159445-B-450.wav,3-159445-B-450.wav,uav_db,no_drone,folder_name,train
data/processed/audio/drone/B_S2_D1_123-bebop_000_.wav,B_S2_D1_123-bebop_000_.wav,uav_db,drone,folder_name,train
data/processed/audio/no_drone/5-241846-A-154.wav,5-241846-A-154.wav,uav_db,no_drone,folder_name,train
data/processed/audio/drone/mixed_membo_60-membo_000_.wav,mixed_membo_60-membo_000_.wav,uav_db,drone,folder_name,train
data/processed/audio/drone/extra_membo_D2_2024.wav,extra_membo_D2_2024.wav,uav_db,drone,folder_name,train
data/processed/audio/drone/B_S2_D1_101-bebop_003_.wav,B_S2_D1_101-bebop_003_.wav,uav_db,drone,folder_name,train
data/processed/audio/drone/B_S2_D1_072-bebop_000_.wav,B_S2_D1_072-bebop_000_.wav,uav_db,drone,folder_name,train
data/processed/audio/no_drone/2-83688-A-341.wav,2-83688-A-341.wav,uav_db,no_drone,folder_name,train
data/processed/audio/drone/Membo_0_010-membo_000_.wav,Membo_0_010-membo_000_.wav,uav_db,drone,folder_name,train
data/processed/audio/no_drone/2-106019-A-132.wav,2-106019-A-132.wav,uav_db,no_drone,folder_name,train
data/processed/audio/drone/B_S2_D1_080-bebop_001_.wav,B_S2_D1_080-bebop_001_.wav,uav_db,drone,folder_name,train
data/processed/audio/no_drone/2-118964-A-01.wav,2-118964-A-01.wav,uav_db,no_drone,folder_name,train
data/processed/audio/no_drone/2-109374-A-164.wav,2-109374-A-164.wav,uav_db,no_drone,folder_name,train
data/processed/audio/drone/mixed_membo_3-membo_001_.wav,mixed_membo_3-membo_001_.wav,uav_db,drone,folder_name,train
data/processed/audio/no_drone/3-102583-A-490.wav,3-102583-A-490.wav,uav_db,no_drone,folder_name,train
data/processed/audio/drone/mixed_44-bebop_004_.wav,mixed_44-bebop_004_.wav,uav_db,drone,folder_name,train
data/processed/audio/drone/Membo_1_000-membo_002_.wav,Membo_1_000-membo_002_.wav,uav_db,drone,folder_name,train
data/processed/audio/no_drone/4-164064-C-10.wav,4-164064-C-10.wav,uav_db,no_drone,folder_name,train
data/processed/audio/drone/mixed_membo_29-membo_002_.wav,mixed_membo_29-membo_002_.wav,uav_db,drone,folder_name,train
data/processed/audio/drone/mixed_membo_53-membo_004_.wav,mixed_membo_53-membo_004_.wav,uav_db,drone,folder_name,train
data/processed/audio/no_drone/3-146697-A-431.wav,3-146697-A-431.wav,uav_db,no_drone,folder_name,train
data/processed/audio/no_drone/5-237795-A-344.wav,5-237795-A-344.wav,uav_db,no_drone,folder_name,train
data/processed/audio/no_drone/1-85362-A-04.wav,1-85362-A-04.wav,uav_db,no_drone,folder_name,train
data/processed/audio/no_drone/2-91912-B-331.wav,2-91912-B-331.wav,uav_db,no_drone,folder_name,train
data/processed/audio/drone/B_S2_D1_116-bebop_004_.wav,B_S2_D1_116-bebop_004_.wav,uav_db,drone,folder_name,train
data/processed/audio/drone/mixed_39-bebop_002_.wav,mixed_39-bebop_002_.wav,uav_db,drone,folder_name,train
data/processed/audio/no_drone/3-150363-A-384.wav,3-150363-A-384.wav,uav_db,no_drone,folder_name,train
data/processed/audio/no_drone/5-185908-A-182.wav,5-185908-A-182.wav,uav_db,no_drone,folder_name,train
data/processed/audio/drone/mixed_8-bebop_004_.wav,mixed_8-bebop_004_.wav,uav_db,drone,folder_name,train
data/processed/audio/drone/Membo_1_034-membo_002_.wav,Membo_1_034-membo_002_.wav,uav_db,drone,folder_name,train
data/processed/audio/drone/Membo_1_002-membo_002_.wav,Membo_1_002-membo_002_.wav,uav_db,drone,folder_name,train
data/processed/audio/no_drone/2-108017-A-243.wav,2-108017-A-243.wav,uav_db,no_drone,folder_name,train
data/processed/audio/no_drone/3-129264-A-92.wav,3-129264-A-92.wav,uav_db,no_drone,folder_name,train
data/processed/audio/no_drone/1-61212-A-322.wav,1-61212-A-322.wav,uav_db,no_drone,folder_name,train
data/processed/audio/no_drone/2-135860-A-493.wav,2-135860-A-493.wav,uav_db,no_drone,folder_name,train
data/processed/audio/no_drone/4-172736-A-361.wav,4-172736-A-361.wav,uav_db,no_drone,folder_name,train
data/processed/audio/no_drone/1-73585-A-72.wav,1-73585-A-72.wav,uav_db,no_drone,folder_name,train
data/processed/audio/no_drone/3-101381-B-332.wav,3-101381-B-332.wav,uav_db,no_drone,folder_name,train
data/processed/audio/drone/B_S2_D1_095-bebop_002_.wav,B_S2_D1_095-bebop_002_.wav,uav_db,drone,folder_name,train
data/processed/audio/no_drone/4-197454-B-283.wav,4-197454-B-283.wav,uav_db,no_drone,folder_name,train
data/processed/audio/drone/mixed_membo_29-membo_001_.wav,mixed_membo_29-membo_001_.wav,uav_db,drone,folder_name,train
data/processed/audio/no_drone/5-189212-A-123.wav,5-189212-A-123.wav,uav_db,no_drone,folder_name,train
data/processed/audio/no_drone/5-261325-A-92.wav,5-261325-A-92.wav,uav_db,no_drone,folder_name,train
data/processed/audio/drone/B_S2_D1_079-bebop_002_.wav,B_S2_D1_079-bebop_002_.wav,uav_db,drone,folder_name,train
data/processed/audio/no_drone/3-154926-B-404.wav,3-154926-B-404.wav,uav_db,no_drone,folder_name,train
data/processed/audio/no_drone/5-218196-A-274.wav,5-218196-A-274.wav,uav_db,no_drone,folder_name,train
data/processed/audio/drone/Syma_X20P_2.wav,Syma_X20P_2.wav,uav_db,drone,folder_name,train
data/processed/audio/drone/mixed_membo_35-membo_002_.wav,mixed_membo_35-membo_002_.wav,uav_db,drone,folder_name,train
data/processed/audio/no_drone/4-188703-A-83.wav,4-188703-A-83.wav,uav_db,no_drone,folder_name,train
data/processed/audio/no_drone/2-72268-A-64.wav,2-72268-A-64.wav,uav_db,no_drone,folder_name,train
data/processed/audio/no_drone/4-175845-A-431.wav,4-175845-A-431.wav,uav_db,no_drone,folder_name,train
data/processed/audio/no_drone/2-54086-A-434.wav,2-54086-A-434.wav,uav_db,no_drone,folder_name,train
data/processed/audio/no_drone/4-99193-A-40.wav,4-99193-A-40.wav,uav_db,no_drone,folder_name,train
data/processed/audio/no_drone/1-30709-B-231.wav,1-30709-B-231.wav,uav_db,no_drone,folder_name,train
data/processed/audio/drone/mixed_membo_56-membo_001_.wav,mixed_membo_56-membo_001_.wav,uav_db,drone,folder_name,train
data/processed/audio/no_drone/4-161303-B-50.wav,4-161303-B-50.wav,uav_db,no_drone,folder_name,train
data/processed/audio/no_drone/4-213915-A-34.wav,4-213915-A-34.wav,uav_db,no_drone,folder_name,train
data/processed/audio/drone/Membo_1_031-membo_003_.wav,Membo_1_031-membo_003_.wav,uav_db,drone,folder_name,train
data/processed/audio/no_drone/3-118194-A-333.wav,3-118194-A-333.wav,uav_db,no_drone,folder_name,train
data/processed/audio/no_drone/1-104089-B-223.wav,1-104089-B-223.wav,uav_db,no_drone,folder_name,train
data/processed/audio/no_drone/3-126391-A-273.wav,3-126391-A-273.wav,uav_db,no_drone,folder_name,train
data/processed/audio/drone/mixed_membo_8-membo_001_.wav,mixed_membo_8-membo_001_.wav,uav_db,drone,folder_name,train
data/processed/audio/no_drone/5-245040-A-351.wav,5-245040-A-351.wav,uav_db,no_drone,folder_name,train
data/processed/audio/drone/mixed_membo_55-membo_004_.wav,mixed_membo_55-membo_004_.wav,uav_db,drone,folder_name,train
data/processed/audio/no_drone/1-30344-A-04.wav,1-30344-A-04.wav,uav_db,no_drone,folder_name,train
data/processed/audio/drone/Membo_2_015-membo_001_.wav,Membo_2_015-membo_001_.wav,uav_db,drone,folder_name,train
data/processed/audio/drone/mixed_46-bebop_003_.wav,mixed_46-bebop_003_.wav,uav_db,drone,folder_name,train
data/processed/audio/drone/Membo_1_002-membo_001_.wav,Membo_1_002-membo_001_.wav,uav_db,drone,folder_name,train
data/processed/audio/drone/mixed_4-bebop_004_.wav,mixed_4-bebop_004_.wav,uav_db,drone,folder_name,train
data/processed/audio/no_drone/5-103415-A-24.wav,5-103415-A-24.wav,uav_db,no_drone,folder_name,train
data/processed/audio/no_drone/3-144827-B-114.wav,3-144827-B-114.wav,uav_db,no_drone,folder_name,train
data/processed/audio/drone/mixed_membo_4-membo_003_.wav,mixed_membo_4-membo_003_.wav,uav_db,drone,folder_name,train
data/processed/audio/no_drone/5-209698-A-380.wav,5-209698-A-380.wav,uav_db,no_drone,folder_name,train
data/processed/audio/drone/mixed_48-bebop_001_.wav,mixed_48-bebop_001_.wav,uav_db,drone,folder_name,train
data/processed/audio/no_drone/2-166644-C-24.wav,2-166644-C-24.wav,uav_db,no_drone,folder_name,train
data/processed/audio/no_drone/4-185575-A-202.wav,4-185575-A-202.wav,uav_db,no_drone,folder_name,train
data/processed/audio/no_drone/3-144128-B-230.wav,3-144128-B-230.wav,uav_db,no_drone,folder_name,train
data/processed/audio/no_drone/4-165845-A-453.wav,4-165845-A-453.wav,uav_db,no_drone,folder_name,train
data/processed/audio/no_drone/1-81269-A-34.wav,1-81269-A-34.wav,uav_db,no_drone,folder_name,train
data/processed/audio/drone/Membo_0_013-membo_003_.wav,Membo_0_013-membo_003_.wav,uav_db,drone,folder_name,train
data/processed/audio/drone/B_S2_D1_070-bebop_002_.wav,B_S2_D1_070-bebop_002_.wav,uav_db,drone,folder_name,train
data/processed/audio/no_drone/1-77160-A-32.wav,1-77160-A-32.wav,uav_db,no_drone,folder_name,train
data/processed/audio/no_drone/2-70052-A-421.wav,2-70052-A-421.wav,uav_db,no_drone,folder_name,train
data/processed/audio/no_drone/3-94355-A-334.wav,3-94355-A-334.wav,uav_db,no_drone,folder_name,train
data/processed/audio/no_drone/4-188033-A-383.wav,4-188033-A-383.wav,uav_db,no_drone,folder_name,train
data/processed/audio/no_drone/2-106072-A-363.wav,2-106072-A-363.wav,uav_db,no_drone,folder_name,train
data/processed/audio/drone/Membo_0_036-membo_000_.wav,Membo_0_036-membo_000_.wav,uav_db,drone,folder_name,train
data/processed/audio/drone/Membo_2_013-membo_003_.wav,Membo_2_013-membo_003_.wav,uav_db,drone,folder_name,train
data/processed/audio/no_drone/2-122104-A-03.wav,2-122104-A-03.wav,uav_db,no_drone,folder_name,train
data/processed/audio/drone/mixed_21-bebop_004_.wav,mixed_21-bebop_004_.wav,uav_db,drone,folder_name,train
data/processed/audio/drone/B_S2_D1_082-bebop_000_.wav,B_S2_D1_082-bebop_000_.wav,uav_db,drone,folder_name,train
data/processed/audio/drone/Syma_X5SW_68.wav,Syma_X5SW_68.wav,uav_db,drone,folder_name,train
data/processed/audio/drone/Membo_1_041-membo_002_.wav,Membo_1_041-membo_002_.wav,uav_db,drone,folder_name,train
data/processed/audio/no_drone/1-97392-A-04.wav,1-97392-A-04.wav,uav_db,no_drone,folder_name,train
data/processed/audio/drone/Membo_1_045-membo_001_.wav,Membo_1_045-membo_001_.wav,uav_db,drone,folder_name,train
data/processed/audio/no_drone/5-250026-A-303.wav,5-250026-A-303.wav,uav_db,no_drone,folder_name,train
data/processed/audio/no_drone/4-204612-A-314.wav,4-204612-A-314.wav,uav_db,no_drone,folder_name,train
data/processed/audio/no_drone/2-109231-B-92.wav,2-109231-B-92.wav,uav_db,no_drone,folder_name,train
data/processed/audio/no_drone/5-160614-G-480.wav,5-160614-G-480.wav,uav_db,no_drone,folder_name,train
data/processed/audio/drone/mixed_membo_47-membo_003_.wav,mixed_membo_47-membo_003_.wav,uav_db,drone,folder_name,train
data/processed/audio/no_drone/5-177957-A-404.wav,5-177957-A-404.wav,uav_db,no_drone,folder_name,train
data/processed/audio/drone/extra_membo_D2_2041.wav,extra_membo_D2_2041.wav,uav_db,drone,folder_name,train
data/processed/audio/no_drone/2-87781-A-101.wav,2-87781-A-101.wav,uav_db,no_drone,folder_name,train
data/processed/audio/drone/mixed_membo_42-membo_002_.wav,mixed_membo_42-membo_002_.wav,uav_db,drone,folder_name,train
data/processed/audio/drone/mixed_5-bebop_004_.wav,mixed_5-bebop_004_.wav,uav_db,drone,folder_name,train
data/processed/audio/drone/mixed_14-bebop_002_.wav,mixed_14-bebop_002_.wav,uav_db,drone,folder_name,train
data/processed/audio/drone/mixed_membo_65-membo_001_.wav,mixed_membo_65-membo_001_.wav,uav_db,drone,folder_name,train
data/processed/audio/no_drone/3-203377-A-391.wav,3-203377-A-391.wav,uav_db,no_drone,folder_name,train
data/processed/audio/no_drone/1-50661-A-442.wav,1-50661-A-442.wav,uav_db,no_drone,folder_name,train
data/processed/audio/drone/B_S2_D1_131-bebop_001_.wav,B_S2_D1_131-bebop_001_.wav,uav_db,drone,folder_name,train
data/processed/audio/drone/B_S2_D1_112-bebop_000_.wav,B_S2_D1_112-bebop_000_.wav,uav_db,drone,folder_name,train
data/processed/audio/no_drone/3-150363-A-381.wav,3-150363-A-381.wav,uav_db,no_drone,folder_name,train
data/processed/audio/drone/mixed_18-bebop_004_.wav,mixed_18-bebop_004_.wav,uav_db,drone,folder_name,train
data/processed/audio/drone/mixed_membo_63-membo_004_.wav,mixed_membo_63-membo_004_.wav,uav_db,drone,folder_name,train
data/processed/audio/drone/mixed_42-bebop_000_.wav,mixed_42-bebop_000_.wav,uav_db,drone,folder_name,train
data/processed/audio/drone/mixed_20-bebop_004_.wav,mixed_20-bebop_004_.wav,uav_db,drone,folder_name,train
data/processed/audio/no_drone/3-126358-B-33.wav,3-126358-B-33.wav,uav_db,no_drone,folder_name,train
data/processed/audio/no_drone/3-188390-A-63.wav,3-188390-A-63.wav,uav_db,no_drone,folder_name,train
data/processed/audio/no_drone/silence066.wav,silence066.wav,uav_db,no_drone,folder_name,train
data/processed/audio/no_drone/5-209992-A-442.wav,5-209992-A-442.wav,uav_db,no_drone,folder_name,train
data/processed/audio/no_drone/4-182034-A-304.wav,4-182034-A-304.wav,uav_db,no_drone,folder_name,train
data/processed/audio/drone/B_S2_D1_094-bebop_001_.wav,B_S2_D1_094-bebop_001_.wav,uav_db,drone,folder_name,train
data/processed/audio/drone/mixed_membo_33-membo_004_.wav,mixed_membo_33-membo_004_.wav,uav_db,drone,folder_name,train
data/processed/audio/no_drone/1-91359-B-112.wav,1-91359-B-112.wav,uav_db,no_drone,folder_name,train
data/processed/audio/no_drone/2-188822-A-404.wav,2-188822-A-404.wav,uav_db,no_drone,folder_name,train
data/processed/audio/drone/extra_membo_D2_2000.wav,extra_membo_D2_2000.wav,uav_db,drone,folder_name,train
data/processed/audio/drone/B_S2_D1_086-bebop_003_.wav,B_S2_D1_086-bebop_003_.wav,uav_db,drone,folder_name,train
data/processed/audio/no_drone/4-185575-C-201.wav,4-185575-C-201.wav,uav_db,no_drone,folder_name,train
data/processed/audio/drone/Membo_0_006-membo_004_.wav,Membo_0_006-membo_004_.wav,uav_db,drone,folder_name,train
data/processed/audio/no_drone/1-17585-A-71.wav,1-17585-A-71.wav,uav_db,no_drone,folder_name,train
data/processed/audio/no_drone/3-160993-A-32.wav,3-160993-A-32.wav,uav_db,no_drone,folder_name,train
data/processed/audio/no_drone/1-58792-A-243.wav,1-58792-A-243.wav,uav_db,no_drone,folder_name,train
data/processed/audio/no_drone/3-119120-D-483.wav,3-119120-D-483.wav,uav_db,no_drone,folder_name,train
data/processed/audio/drone/mixed_membo_58-membo_002_.wav,mixed_membo_58-membo_002_.wav,uav_db,drone,folder_name,train
data/processed/audio/drone/mixed_membo_6-membo_004_.wav,mixed_membo_6-membo_004_.wav,uav_db,drone,folder_name,train
data/processed/audio/no_drone/1-17970-A-44.wav,1-17970-A-44.wav,uav_db,no_drone,folder_name,train
data/processed/audio/drone/B_S2_D1_088-bebop_000_.wav,B_S2_D1_088-bebop_000_.wav,uav_db,drone,folder_name,train
data/processed/audio/drone/mixed_membo_25-membo_004_.wav,mixed_membo_25-membo_004_.wav,uav_db,drone,folder_name,train
data/processed/audio/drone/B_S2_D1_130-bebop_004_.wav,B_S2_D1_130-bebop_004_.wav,uav_db,drone,folder_name,train
data/processed/audio/no_drone/3-94344-A-250.wav,3-94344-A-250.wav,uav_db,no_drone,folder_name,train
data/processed/audio/no_drone/2-119161-C-83.wav,2-119161-C-83.wav,uav_db,no_drone,folder_name,train
data/processed/audio/no_drone/3-134699-B-162.wav,3-134699-B-162.wav,uav_db,no_drone,folder_name,train
data/processed/audio/drone/B_S2_D1_120-bebop_004_.wav,B_S2_D1_120-bebop_004_.wav,uav_db,drone,folder_name,train
data/processed/audio/drone/mixed_23-bebop_001_.wav,mixed_23-bebop_001_.wav,uav_db,drone,folder_name,train
data/processed/audio/no_drone/1-100210-A-364.wav,1-100210-A-364.wav,uav_db,no_drone,folder_name,train
data/processed/audio/drone/mixed_membo_59-membo_000_.wav,mixed_membo_59-membo_000_.wav,uav_db,drone,folder_name,train
data/processed/audio/drone/mixed_47-bebop_000_.wav,mixed_47-bebop_000_.wav,uav_db,drone,folder_name,train
data/processed/audio/no_drone/4-181599-A-263.wav,4-181599-A-263.wav,uav_db,no_drone,folder_name,train
data/processed/audio/no_drone/2-99955-B-73.wav,2-99955-B-73.wav,uav_db,no_drone,folder_name,train
data/processed/audio/drone/mixed_6-bebop_003_.wav,mixed_6-bebop_003_.wav,uav_db,drone,folder_name,train
data/processed/audio/no_drone/3-171041-A-380.wav,3-171041-A-380.wav,uav_db,no_drone,folder_name,train
data/processed/audio/no_drone/1-5996-A-63.wav,1-5996-A-63.wav,uav_db,no_drone,folder_name,train
data/processed/audio/drone/Membo_1_047-membo_003_.wav,Membo_1_047-membo_003_.wav,uav_db,drone,folder_name,train
data/processed/audio/no_drone/5-216131-A-322.wav,5-216131-A-322.wav,uav_db,no_drone,folder_name,train
data/processed/audio/no_drone/1-54918-A-143.wav,1-54918-A-143.wav,uav_db,no_drone,folder_name,train
data/processed/audio/drone/mixed_22-bebop_004_.wav,mixed_22-bebop_004_.wav,uav_db,drone,folder_name,train
data/processed/audio/drone/Membo_0_015-membo_003_.wav,Membo_0_015-membo_003_.wav,uav_db,drone,folder_name,train
data/processed/audio/no_drone/2-141563-A-394.wav,2-141563-A-394.wav,uav_db,no_drone,folder_name,train
data/processed/audio/no_drone/2-119102-A-211.wav,2-119102-A-211.wav,uav_db,no_drone,folder_name,train
data/processed/audio/no_drone/4-99644-B-42.wav,4-99644-B-42.wav,uav_db,no_drone,folder_name,train
data/processed/audio/no_drone/4-195451-A-444.wav,4-195451-A-444.wav,uav_db,no_drone,folder_name,train
data/processed/audio/no_drone/5-213293-A-231.wav,5-213293-A-231.wav,uav_db,no_drone,folder_name,train
data/processed/audio/no_drone/5-235956-A-474.wav,5-235956-A-474.wav,uav_db,no_drone,folder_name,train
data/processed/audio/drone/mixed_membo_48-membo_001_.wav,mixed_membo_48-membo_001_.wav,uav_db,drone,folder_name,train
data/processed/audio/drone/mixed_51-bebop_004_.wav,mixed_51-bebop_004_.wav,uav_db,drone,folder_name,train
data/processed/audio/no_drone/1-17124-A-432.wav,1-17124-A-432.wav,uav_db,no_drone,folder_name,train
data/processed/audio/no_drone/4-107122-A-333.wav,4-107122-A-333.wav,uav_db,no_drone,folder_name,train
data/processed/audio/drone/mixed_48-bebop_004_.wav,mixed_48-bebop_004_.wav,uav_db,drone,folder_name,train
data/processed/audio/no_drone/5-181977-A-350.wav,5-181977-A-350.wav,uav_db,no_drone,folder_name,train
data/processed/audio/no_drone/5-185908-A-183.wav,5-185908-A-183.wav,uav_db,no_drone,folder_name,train
data/processed/audio/no_drone/3-102583-A-494.wav,3-102583-A-494.wav,uav_db,no_drone,folder_name,train
data/processed/audio/no_drone/2-133889-A-300.wav,2-133889-A-300.wav,uav_db,no_drone,folder_name,train
data/processed/audio/drone/mixed_50-bebop_002_.wav,mixed_50-bebop_002_.wav,uav_db,drone,folder_name,train
data/processed/audio/drone/B_S2_D1_070-bebop_003_.wav,B_S2_D1_070-bebop_003_.wav,uav_db,drone,folder_name,train
data/processed/audio/no_drone/1-73585-A-71.wav,1-73585-A-71.wav,uav_db,no_drone,folder_name,train
data/processed/audio/no_drone/4-194979-A-252.wav,4-194979-A-252.wav,uav_db,no_drone,folder_name,train
data/processed/audio/drone/mixed_33-bebop_002_.wav,mixed_33-bebop_002_.wav,uav_db,drone,folder_name,train
data/processed/audio/drone/mixed_membo_33-membo_000_.wav,mixed_membo_33-membo_000_.wav,uav_db,drone,folder_name,train
data/processed/audio/no_drone/3-155570-A-322.wav,3-155570-A-322.wav,uav_db,no_drone,folder_name,train
data/processed/audio/no_drone/2-92627-A-270.wav,2-92627-A-270.wav,uav_db,no_drone,folder_name,train
data/processed/audio/no_drone/5-232802-A-312.wav,5-232802-A-312.wav,uav_db,no_drone,folder_name,train
data/processed/audio/drone/mixed_6-bebop_001_.wav,mixed_6-bebop_001_.wav,uav_db,drone,folder_name,train
data/processed/audio/no_drone/3-170851-A-311.wav,3-170851-A-311.wav,uav_db,no_drone,folder_name,train
data/processed/audio/no_drone/1-69422-A-31.wav,1-69422-A-31.wav,uav_db,no_drone,folder_name,train
data/processed/audio/drone/mixed_membo_14-membo_004_.wav,mixed_membo_14-membo_004_.wav,uav_db,drone,folder_name,train
data/processed/audio/no_drone/3-134699-A-161.wav,3-134699-A-161.wav,uav_db,no_drone,folder_name,train
data/processed/audio/drone/mixed_60-bebop_002_.wav,mixed_60-bebop_002_.wav,uav_db,drone,folder_name,train
data/processed/audio/no_drone/4-196671-B-80.wav,4-196671-B-80.wav,uav_db,no_drone,folder_name,train
data/processed/audio/drone/Membo_2_013-membo_000_.wav,Membo_2_013-membo_000_.wav,uav_db,drone,folder_name,train
data/processed/audio/no_drone/4-133047-C-53.wav,4-133047-C-53.wav,uav_db,no_drone,folder_name,train
data/processed/audio/drone/B_S2_D1_092-bebop_003_.wav,B_S2_D1_092-bebop_003_.wav,uav_db,drone,folder_name,train
data/processed/audio/no_drone/3-111102-A-460.wav,3-111102-A-460.wav,uav_db,no_drone,folder_name,train
data/processed/audio/drone/mixed_membo_58-membo_004_.wav,mixed_membo_58-membo_004_.wav,uav_db,drone,folder_name,train
data/processed/audio/drone/mixed_membo_23-membo_004_.wav,mixed_membo_23-membo_004_.wav,uav_db,drone,folder_name,train
data/processed/audio/drone/B_S2_D1_118-bebop_004_.wav,B_S2_D1_118-bebop_004_.wav,uav_db,drone,folder_name,train
data/processed/audio/no_drone/2-95567-A-230.wav,2-95567-A-230.wav,uav_db,no_drone,folder_name,train
data/processed/audio/no_drone/3-170574-A-301.wav,3-170574-A-301.wav,uav_db,no_drone,folder_name,train
data/processed/audio/drone/Membo_0_034-membo_002_.wav,Membo_0_034-membo_002_.wav,uav_db,drone,folder_name,train
data/processed/audio/no_drone/5-193339-A-100.wav,5-193339-A-100.wav,uav_db,no_drone,folder_name,train
data/processed/audio/no_drone/4-184434-A-213.wav,4-184434-A-213.wav,uav_db,no_drone,folder_name,train
data/processed/audio/no_drone/5-253101-C-493.wav,5-253101-C-493.wav,uav_db,no_drone,folder_name,train
data/processed/audio/no_drone/3-132747-A-264.wav,3-132747-A-264.wav,uav_db,no_drone,folder_name,train
data/processed/audio/no_drone/4-167077-C-204.wav,4-167077-C-204.wav,uav_db,no_drone,folder_name,train
data/processed/audio/drone/B_S2_D1_072-bebop_004_.wav,B_S2_D1_072-bebop_004_.wav,uav_db,drone,folder_name,train
data/processed/audio/no_drone/4-172500-D-273.wav,4-172500-D-273.wav,uav_db,no_drone,folder_name,train
data/processed/audio/drone/Membo_2_027-membo_002_.wav,Membo_2_027-membo_002_.wav,uav_db,drone,folder_name,train
data/processed/audio/drone/mixed_56-bebop_001_.wav,mixed_56-bebop_001_.wav,uav_db,drone,folder_name,train
data/processed/audio/drone/mixed_membo_64-membo_001_.wav,mixed_membo_64-membo_001_.wav,uav_db,drone,folder_name,train
data/processed/audio/no_drone/1-19898-A-411.wav,1-19898-A-411.wav,uav_db,no_drone,folder_name,train
data/processed/audio/no_drone/5-250258-A-493.wav,5-250258-A-493.wav,uav_db,no_drone,folder_name,train
data/processed/audio/drone/mixed_54-bebop_003_.wav,mixed_54-bebop_003_.wav,uav_db,drone,folder_name,train
data/processed/audio/drone/mixed_membo_46-membo_001_.wav,mixed_membo_46-membo_001_.wav,uav_db,drone,folder_name,train
data/processed/audio/drone/mixed_membo_50-membo_004_.wav,mixed_membo_50-membo_004_.wav,uav_db,drone,folder_name,train
data/processed/audio/no_drone/5-201274-A-213.wav,5-201274-A-213.wav,uav_db,no_drone,folder_name,train
data/processed/audio/no_drone/3-151557-A-284.wav,3-151557-A-284.wav,uav_db,no_drone,folder_name,train
data/processed/audio/no_drone/2-106881-A-394.wav,2-106881-A-394.wav,uav_db,no_drone,folder_name,train
data/processed/audio/drone/B_S2_D1_106-bebop_004_.wav,B_S2_D1_106-bebop_004_.wav,uav_db,drone,folder_name,train
data/processed/audio/no_drone/2-82274-A-53.wav,2-82274-A-53.wav,uav_db,no_drone,folder_name,train
data/processed/audio/drone/mixed_54-bebop_004_.wav,mixed_54-bebop_004_.wav,uav_db,drone,folder_name,train
data/processed/audio/no_drone/1-36393-A-232.wav,1-36393-A-232.wav,uav_db,no_drone,folder_name,train
data/processed/audio/no_drone/4-128659-A-333.wav,4-128659-A-333.wav,uav_db,no_drone,folder_name,train
data/processed/audio/drone/B_S2_D1_069-bebop_004_.wav,B_S2_D1_069-bebop_004_.wav,uav_db,drone,folder_name,train
data/processed/audio/no_drone/5-243773-A-442.wav,5-243773-A-442.wav,uav_db,no_drone,folder_name,train
data/processed/audio/no_drone/4-188293-B-152.wav,4-188293-B-152.wav,uav_db,no_drone,folder_name,train
data/processed/audio/no_drone/1-56311-A-103.wav,1-56311-A-103.wav,uav_db,no_drone,folder_name,train
data/processed/audio/no_drone/3-124376-A-33.wav,3-124376-A-33.wav,uav_db,no_drone,folder_name,train
data/processed/audio/no_drone/3-68630-C-404.wav,3-68630-C-404.wav,uav_db,no_drone,folder_name,train
data/processed/audio/no_drone/5-235893-A-282.wav,5-235893-A-282.wav,uav_db,no_drone,folder_name,train
data/processed/audio/no_drone/2-72547-A-143.wav,2-72547-A-143.wav,uav_db,no_drone,folder_name,train
data/processed/audio/drone/Membo_1_041-membo_004_.wav,Membo_1_041-membo_004_.wav,uav_db,drone,folder_name,train
data/processed/audio/drone/mixed_61-bebop_000_.wav,mixed_61-bebop_000_.wav,uav_db,drone,folder_name,train
data/processed/audio/no_drone/1-36397-A-232.wav,1-36397-A-232.wav,uav_db,no_drone,folder_name,train
data/processed/audio/drone/Membo_0_004-membo_001_.wav,Membo_0_004-membo_001_.wav,uav_db,drone,folder_name,train
data/processed/audio/no_drone/3-154781-A-323.wav,3-154781-A-323.wav,uav_db,no_drone,folder_name,train
data/processed/audio/no_drone/5-205090-A-321.wav,5-205090-A-321.wav,uav_db,no_drone,folder_name,train
data/processed/audio/drone/mixed_membo_62-membo_002_.wav,mixed_membo_62-membo_002_.wav,uav_db,drone,folder_name,train
data/processed/audio/no_drone/1-56311-A-101.wav,1-56311-A-101.wav,uav_db,no_drone,folder_name,train
data/processed/audio/drone/mixed_13-bebop_003_.wav,mixed_13-bebop_003_.wav,uav_db,drone,folder_name,train
data/processed/audio/no_drone/3-142604-A-242.wav,3-142604-A-242.wav,uav_db,no_drone,folder_name,train
data/processed/audio/drone/mixed_9-bebop_002_.wav,mixed_9-bebop_002_.wav,uav_db,drone,folder_name,train
data/processed/audio/no_drone/3-124376-B-31.wav,3-124376-B-31.wav,uav_db,no_drone,folder_name,train
data/processed/audio/drone/mixed_10-bebop_001_.wav,mixed_10-bebop_001_.wav,uav_db,drone,folder_name,train
data/processed/audio/drone/Membo_1_047-membo_000_.wav,Membo_1_047-membo_000_.wav,uav_db,drone,folder_name,train
data/processed/audio/no_drone/2-96460-A-10.wav,2-96460-A-10.wav,uav_db,no_drone,folder_name,train
data/processed/audio/drone/mixed_11-bebop_000_.wav,mixed_11-bebop_000_.wav,uav_db,drone,folder_name,train
data/processed/audio/drone/mixed_2-bebop_002_.wav,mixed_2-bebop_002_.wav,uav_db,drone,folder_name,train
data/processed/audio/no_drone/silence274.wav,silence274.wav,uav_db,no_drone,folder_name,train
data/processed/audio/drone/mixed_membo_31-membo_000_.wav,mixed_membo_31-membo_000_.wav,uav_db,drone,folder_name,train
data/processed/audio/drone/mixed_membo_35-membo_001_.wav,mixed_membo_35-membo_001_.wav,uav_db,drone,folder_name,train
data/processed/audio/no_drone/1-17565-A-121.wav,1-17565-A-121.wav,uav_db,no_drone,folder_name,train
data/processed/audio/drone/mixed_membo_7-membo_000_.wav,mixed_membo_7-membo_000_.wav,uav_db,drone,folder_name,train
data/processed/audio/drone/B_S2_D1_082-bebop_001_.wav,B_S2_D1_082-bebop_001_.wav,uav_db,drone,folder_name,train
data/processed/audio/drone/mixed_membo_52-membo_002_.wav,mixed_membo_52-membo_002_.wav,uav_db,drone,folder_name,train
data/processed/audio/drone/mixed_membo_28-membo_004_.wav,mixed_membo_28-membo_004_.wav,uav_db,drone,folder_name,train
data/processed/audio/drone/Membo_1_001-membo_001_.wav,Membo_1_001-membo_001_.wav,uav_db,drone,folder_name,train
data/processed/audio/drone/mixed_membo_5-membo_000_.wav,mixed_membo_5-membo_000_.wav,uav_db,drone,folder_name,train
data/processed/audio/drone/Membo_0_036-membo_004_.wav,Membo_0_036-membo_004_.wav,uav_db,drone,folder_name,train
data/processed/audio/drone/mixed_membo_35-membo_003_.wav,mixed_membo_35-membo_003_.wav,uav_db,drone,folder_name,train
data/processed/audio/drone/Hasakee_Q11_12.wav,Hasakee_Q11_12.wav,uav_db,drone,folder_name,train
data/processed/audio/no_drone/1-172649-D-401.wav,1-172649-D-401.wav,uav_db,no_drone,folder_name,train
data/processed/audio/no_drone/1-24524-B-192.wav,1-24524-B-192.wav,uav_db,no_drone,folder_name,train
data/processed/audio/no_drone/2-108763-A-94.wav,2-108763-A-94.wav,uav_db,no_drone,folder_name,train
data/processed/audio/no_drone/2-65484-A-183.wav,2-65484-A-183.wav,uav_db,no_drone,folder_name,train
data/processed/audio/drone/mixed_16-bebop_001_.wav,mixed_16-bebop_001_.wav,uav_db,drone,folder_name,train
data/processed/audio/no_drone/4-165606-A-453.wav,4-165606-A-453.wav,uav_db,no_drone,folder_name,train
data/processed/audio/no_drone/1-47819-A-52.wav,1-47819-A-52.wav,uav_db,no_drone,folder_name,train
data/processed/audio/drone/Membo_1_043-membo_002_.wav,Membo_1_043-membo_002_.wav,uav_db,drone,folder_name,train
data/processed/audio/drone/Membo_0_039-membo_003_.wav,Membo_0_039-membo_003_.wav,uav_db,drone,folder_name,train
data/processed/audio/no_drone/3-103051-C-193.wav,3-103051-C-193.wav,uav_db,no_drone,folder_name,train
data/processed/audio/no_drone/1-50060-A-100.wav,1-50060-A-100.wav,uav_db,no_drone,folder_name,train
data/processed/audio/no_drone/4-188287-A-92.wav,4-188287-A-92.wav,uav_db,no_drone,folder_name,train
data/processed/audio/no_drone/3-104761-B-73.wav,3-104761-B-73.wav,uav_db,no_drone,folder_name,train
data/processed/audio/drone/Membo_0_038-membo_003_.wav,Membo_0_038-membo_003_.wav,uav_db,drone,folder_name,train
data/processed/audio/drone/mixed_32-bebop_001_.wav,mixed_32-bebop_001_.wav,uav_db,drone,folder_name,train
data/processed/audio/drone/B_S2_D1_073-bebop_003_.wav,B_S2_D1_073-bebop_003_.wav,uav_db,drone,folder_name,train
data/processed/audio/drone/mixed_membo_17-membo_003_.wav,mixed_membo_17-membo_003_.wav,uav_db,drone,folder_name,train
data/processed/audio/no_drone/1-7974-B-494.wav,1-7974-B-494.wav,uav_db,no_drone,folder_name,train
data/processed/audio/drone/mixed_membo_15-membo_001_.wav,mixed_membo_15-membo_001_.wav,uav_db,drone,folder_name,train
data/processed/audio/no_drone/1-62565-A-443.wav,1-62565-A-443.wav,uav_db,no_drone,folder_name,train
data/processed/audio/no_drone/silence251.wav,silence251.wav,uav_db,no_drone,folder_name,train
data/processed/audio/no_drone/5-117250-A-20.wav,5-117250-A-20.wav,uav_db,no_drone,folder_name,train
data/processed/audio/drone/mixed_22-bebop_001_.wav,mixed_22-bebop_001_.wav,uav_db,drone,folder_name,train
data/processed/audio/drone/mixed_membo_47-membo_002_.wav,mixed_membo_47-membo_002_.wav,uav_db,drone,folder_name,train
data/processed/audio/drone/extra_membo_D2_2026.wav,extra_membo_D2_2026.wav,uav_db,drone,folder_name,train
data/processed/audio/no_drone/1-51805-H-332.wav,1-51805-H-332.wav,uav_db,no_drone,folder_name,train
data/processed/audio/no_drone/1-90797-A-154.wav,1-90797-A-154.wav,uav_db,no_drone,folder_name,train
data/processed/audio/no_drone/1-22882-A-442.wav,1-22882-A-442.wav,uav_db,no_drone,folder_name,train
data/processed/audio/no_drone/4-174860-B-30.wav,4-174860-B-30.wav,uav_db,no_drone,folder_name,train
data/processed/audio/no_drone/4-189332-A-373.wav,4-189332-A-373.wav,uav_db,no_drone,folder_name,train
data/processed/audio/drone/B_S2_D1_096-bebop_002_.wav,B_S2_D1_096-bebop_002_.wav,uav_db,drone,folder_name,train
data/processed/audio/drone/mixed_membo_16-membo_002_.wav,mixed_membo_16-membo_002_.wav,uav_db,drone,folder_name,train
data/processed/audio/no_drone/2-114280-A-01.wav,2-114280-A-01.wav,uav_db,no_drone,folder_name,train
data/processed/audio/drone/B_S2_D1_075-bebop_004_.wav,B_S2_D1_075-bebop_004_.wav,uav_db,drone,folder_name,train
data/processed/audio/drone/mixed_28-bebop_002_.wav,mixed_28-bebop_002_.wav,uav_db,drone,folder_name,train
data/processed/audio/drone/B_S2_D1_096-bebop_000_.wav,B_S2_D1_096-bebop_000_.wav,uav_db,drone,folder_name,train
data/processed/audio/drone/Membo_2_028-membo_002_.wav,Membo_2_028-membo_002_.wav,uav_db,drone,folder_name,train
data/processed/audio/no_drone/2-118625-A-301.wav,2-118625-A-301.wav,uav_db,no_drone,folder_name,train
data/processed/audio/drone/mixed_52-bebop_001_.wav,mixed_52-bebop_001_.wav,uav_db,drone,folder_name,train
data/processed/audio/drone/extra_membo_D2_2035.wav,extra_membo_D2_2035.wav,uav_db,drone,folder_name,train
data/processed/audio/drone/mixed_membo_11-membo_002_.wav,mixed_membo_11-membo_002_.wav,uav_db,drone,folder_name,train
data/processed/audio/no_drone/1-119125-A-454.wav,1-119125-A-454.wav,uav_db,no_drone,folder_name,train
data/processed/audio/drone/mixed_2-bebop_000_.wav,mixed_2-bebop_000_.wav,uav_db,drone,folder_name,train
data/processed/audio/drone/B_S2_D1_096-bebop_004_.wav,B_S2_D1_096-bebop_004_.wav,uav_db,drone,folder_name,train
data/processed/audio/drone/mixed_membo_47-membo_000_.wav,mixed_membo_47-membo_000_.wav,uav_db,drone,folder_name,train
data/processed/audio/no_drone/1-54084-A-421.wav,1-54084-A-421.wav,uav_db,no_drone,folder_name,train
data/processed/audio/drone/mixed_membo_29-membo_000_.wav,mixed_membo_29-membo_000_.wav,uav_db,drone,folder_name,train
data/processed/audio/drone/B_S2_D1_081-bebop_002_.wav,B_S2_D1_081-bebop_002_.wav,uav_db,drone,folder_name,train
data/processed/audio/drone/extra_membo_D2_2038.wav,extra_membo_D2_2038.wav,uav_db,drone,folder_name,train
data/processed/audio/no_drone/4-165791-A-451.wav,4-165791-A-451.wav,uav_db,no_drone,folder_name,train
data/processed/audio/drone/extra_membo_D2_2050.wav,extra_membo_D2_2050.wav,uav_db,drone,folder_name,train
data/processed/audio/drone/extra_membo_D2_2006.wav,extra_membo_D2_2006.wav,uav_db,drone,folder_name,train
data/processed/audio/drone/B_S2_D1_113-bebop_000_.wav,B_S2_D1_113-bebop_000_.wav,uav_db,drone,folder_name,train
data/processed/audio/no_drone/1-115920-A-222.wav,1-115920-A-222.wav,uav_db,no_drone,folder_name,train
data/processed/audio/drone/mixed_55-bebop_002_.wav,mixed_55-bebop_002_.wav,uav_db,drone,folder_name,train
data/processed/audio/drone/B_S2_D1_100-bebop_004_.wav,B_S2_D1_100-bebop_004_.wav,uav_db,drone,folder_name,train
data/processed/audio/drone/mixed_27-bebop_002_.wav,mixed_27-bebop_002_.wav,uav_db,drone,folder_name,train
data/processed/audio/no_drone/2-127108-A-380.wav,2-127108-A-380.wav,uav_db,no_drone,folder_name,train
data/processed/audio/no_drone/1-115545-B-482.wav,1-115545-B-482.wav,uav_db,no_drone,folder_name,train
data/processed/audio/drone/mixed_membo_22-membo_001_.wav,mixed_membo_22-membo_001_.wav,uav_db,drone,folder_name,train
data/processed/audio/no_drone/2-32515-B-42.wav,2-32515-B-42.wav,uav_db,no_drone,folder_name,train
data/processed/audio/no_drone/2-80313-A-283.wav,2-80313-A-283.wav,uav_db,no_drone,folder_name,train
data/processed/audio/no_drone/1-62850-A-383.wav,1-62850-A-383.wav,uav_db,no_drone,folder_name,train
data/processed/audio/drone/mixed_48-bebop_003_.wav,mixed_48-bebop_003_.wav,uav_db,drone,folder_name,train
data/processed/audio/drone/mixed_56-bebop_002_.wav,mixed_56-bebop_002_.wav,uav_db,drone,folder_name,train
data/processed/audio/drone/B_S2_D1_124-bebop_003_.wav,B_S2_D1_124-bebop_003_.wav,uav_db,drone,folder_name,train
data/processed/audio/no_drone/2-28314-A-120.wav,2-28314-A-120.wav,uav_db,no_drone,folder_name,train
data/processed/audio/no_drone/silence123.wav,silence123.wav,uav_db,no_drone,folder_name,train
data/processed/audio/no_drone/1-80840-A-134.wav,1-80840-A-134.wav,uav_db,no_drone,folder_name,train
data/processed/audio/no_drone/1-64398-B-411.wav,1-64398-B-411.wav,uav_db,no_drone,folder_name,train
data/processed/audio/no_drone/3-104958-A-120.wav,3-104958-A-120.wav,uav_db,no_drone,folder_name,train
data/processed/audio/no_drone/5-218196-A-271.wav,5-218196-A-271.wav,uav_db,no_drone,folder_name,train
data/processed/audio/no_drone/2-122066-B-454.wav,2-122066-B-454.wav,uav_db,no_drone,folder_name,train
data/processed/audio/no_drone/2-91912-B-330.wav,2-91912-B-330.wav,uav_db,no_drone,folder_name,train
data/processed/audio/no_drone/5-194899-D-30.wav,5-194899-D-30.wav,uav_db,no_drone,folder_name,train
data/processed/audio/drone/B_S2_D1_073-bebop_002_.wav,B_S2_D1_073-bebop_002_.wav,uav_db,drone,folder_name,train
data/processed/audio/no_drone/5-189795-A-44.wav,5-189795-A-44.wav,uav_db,no_drone,folder_name,train
data/processed/audio/drone/mixed_membo_48-membo_004_.wav,mixed_membo_48-membo_004_.wav,uav_db,drone,folder_name,train
data/processed/audio/no_drone/1-20545-A-282.wav,1-20545-A-282.wav,uav_db,no_drone,folder_name,train
data/processed/audio/no_drone/5-213836-C-94.wav,5-213836-C-94.wav,uav_db,no_drone,folder_name,train
data/processed/audio/no_drone/1-49098-A-350.wav,1-49098-A-350.wav,uav_db,no_drone,folder_name,train
data/processed/audio/drone/mixed_58-bebop_002_.wav,mixed_58-bebop_002_.wav,uav_db,drone,folder_name,train
data/processed/audio/no_drone/1-121951-A-84.wav,1-121951-A-84.wav,uav_db,no_drone,folder_name,train
data/processed/audio/no_drone/3-68630-B-402.wav,3-68630-B-402.wav,uav_db,no_drone,folder_name,train
data/processed/audio/drone/mixed_membo_53-membo_000_.wav,mixed_membo_53-membo_000_.wav,uav_db,drone,folder_name,train
data/processed/audio/no_drone/3-152020-B-364.wav,3-152020-B-364.wav,uav_db,no_drone,folder_name,train
data/processed/audio/drone/Membo_0_008-membo_004_.wav,Membo_0_008-membo_004_.wav,uav_db,drone,folder_name,train
data/processed/audio/no_drone/5-198321-A-104.wav,5-198321-A-104.wav,uav_db,no_drone,folder_name,train
data/processed/audio/no_drone/silence140.wav,silence140.wav,uav_db,no_drone,folder_name,train
data/processed/audio/drone/Membo_2_028-membo_003_.wav,Membo_2_028-membo_003_.wav,uav_db,drone,folder_name,train
data/processed/audio/no_drone/5-235874-A-282.wav,5-235874-A-282.wav,uav_db,no_drone,folder_name,train
data/processed/audio/drone/Membo_2_015-membo_002_.wav,Membo_2_015-membo_002_.wav,uav_db,drone,folder_name,train
data/processed/audio/no_drone/1-60676-A-341.wav,1-60676-A-341.wav,uav_db,no_drone,folder_name,train
data/processed/audio/drone/B_S2_D1_070-bebop_000_.wav,B_S2_D1_070-bebop_000_.wav,uav_db,drone,folder_name,train
data/processed/audio/drone/mixed_2-bebop_003_.wav,mixed_2-bebop_003_.wav,uav_db,drone,folder_name,train
data/processed/audio/no_drone/1-61252-A-113.wav,1-61252-A-113.wav,uav_db,no_drone,folder_name,train
data/processed/audio/drone/Membo_0_012-membo_003_.wav,Membo_0_012-membo_003_.wav,uav_db,drone,folder_name,train
data/processed/audio/no_drone/3-110913-D-71.wav,3-110913-D-71.wav,uav_db,no_drone,folder_name,train
data/processed/audio/drone/B_S2_D1_094-bebop_000_.wav,B_S2_D1_094-bebop_000_.wav,uav_db,drone,folder_name,train
data/processed/audio/drone/extra_membo_D2_2016.wav,extra_membo_D2_2016.wav,uav_db,drone,folder_name,train
data/processed/audio/no_drone/5-198411-G-204.wav,5-198411-G-204.wav,uav_db,no_drone,folder_name,train
data/processed/audio/drone/mixed_membo_23-membo_003_.wav,mixed_membo_23-membo_003_.wav,uav_db,drone,folder_name,train
data/processed/audio/drone/mixed_46-bebop_000_.wav,mixed_46-bebop_000_.wav,uav_db,drone,folder_name,train
data/processed/audio/no_drone/2-78781-A-472.wav,2-78781-A-472.wav,uav_db,no_drone,folder_name,train
data/processed/audio/drone/B_S2_D1_090-bebop_004_.wav,B_S2_D1_090-bebop_004_.wav,uav_db,drone,folder_name,train
data/processed/audio/drone/B_S2_D1_121-bebop_001_.wav,B_S2_D1_121-bebop_001_.wav,uav_db,drone,folder_name,train
data/processed/audio/no_drone/5-188945-A-454.wav,5-188945-A-454.wav,uav_db,no_drone,folder_name,train
data/processed/audio/drone/B_S2_D1_108-bebop_004_.wav,B_S2_D1_108-bebop_004_.wav,uav_db,drone,folder_name,train
data/processed/audio/no_drone/silence232.wav,silence232.wav,uav_db,no_drone,folder_name,train
data/processed/audio/drone/Membo_2_018-membo_002_.wav,Membo_2_018-membo_002_.wav,uav_db,drone,folder_name,train
data/processed/audio/no_drone/2-95035-A-13.wav,2-95035-A-13.wav,uav_db,no_drone,folder_name,train
data/processed/audio/drone/mixed_membo_31-membo_002_.wav,mixed_membo_31-membo_002_.wav,uav_db,drone,folder_name,train
data/processed/audio/no_drone/4-191015-A-432.wav,4-191015-A-432.wav,uav_db,no_drone,folder_name,train
data/processed/audio/no_drone/5-201664-A-180.wav,5-201664-A-180.wav,uav_db,no_drone,folder_name,train
data/processed/audio/drone/mixed_45-bebop_001_.wav,mixed_45-bebop_001_.wav,uav_db,drone,folder_name,train
data/processed/audio/no_drone/1-254507-A-431.wav,1-254507-A-431.wav,uav_db,no_drone,folder_name,train
data/processed/audio/drone/DJI_Tello_75.wav,DJI_Tello_75.wav,uav_db,drone,folder_name,train
data/processed/audio/no_drone/3-133977-A-293.wav,3-133977-A-293.wav,uav_db,no_drone,folder_name,train
data/processed/audio/drone/mixed_membo_30-membo_002_.wav,mixed_membo_30-membo_002_.wav,uav_db,drone,folder_name,train
data/processed/audio/no_drone/5-221518-A-211.wav,5-221518-A-211.wav,uav_db,no_drone,folder_name,train
data/processed/audio/no_drone/2-122066-A-453.wav,2-122066-A-453.wav,uav_db,no_drone,folder_name,train
data/processed/audio/no_drone/5-243773-B-441.wav,5-243773-B-441.wav,uav_db,no_drone,folder_name,train
data/processed/audio/drone/B_S2_D1_081-bebop_003_.wav,B_S2_D1_081-bebop_003_.wav,uav_db,drone,folder_name,train
data/processed/audio/no_drone/3-65748-A-124.wav,3-65748-A-124.wav,uav_db,no_drone,folder_name,train
data/processed/audio/drone/B_S2_D1_071-bebop_004_.wav,B_S2_D1_071-bebop_004_.wav,uav_db,drone,folder_name,train
data/processed/audio/no_drone/1-223162-A-252.wav,1-223162-A-252.wav,uav_db,no_drone,folder_name,train
data/processed/audio/no_drone/3-154926-A-404.wav,3-154926-A-404.wav,uav_db,no_drone,folder_name,train
data/processed/audio/drone/B_S2_D1_104-bebop_004_.wav,B_S2_D1_104-bebop_004_.wav,uav_db,drone,folder_name,train
data/processed/audio/drone/Membo_1_033-membo_001_.wav,Membo_1_033-membo_001_.wav,uav_db,drone,folder_name,train
data/processed/audio/drone/mixed_membo_42-membo_004_.wav,mixed_membo_42-membo_004_.wav,uav_db,drone,folder_name,train
data/processed/audio/drone/mixed_membo_20-membo_002_.wav,mixed_membo_20-membo_002_.wav,uav_db,drone,folder_name,train
data/processed/audio/drone/mixed_membo_46-membo_000_.wav,mixed_membo_46-membo_000_.wav,uav_db,drone,folder_name,train
data/processed/audio/drone/mixed_31-bebop_004_.wav,mixed_31-bebop_004_.wav,uav_db,drone,folder_name,train
data/processed/audio/drone/mixed_membo_30-membo_004_.wav,mixed_membo_30-membo_004_.wav,uav_db,drone,folder_name,train
data/processed/audio/drone/Syma_X5UW_87.wav,Syma_X5UW_87.wav,uav_db,drone,folder_name,train
data/processed/audio/drone/B_S2_D1_109-bebop_004_.wav,B_S2_D1_109-bebop_004_.wav,uav_db,drone,folder_name,train
data/processed/audio/drone/Membo_1_045-membo_003_.wav,Membo_1_045-membo_003_.wav,uav_db,drone,folder_name,train
data/processed/audio/drone/mixed_37-bebop_002_.wav,mixed_37-bebop_002_.wav,uav_db,drone,folder_name,train
data/processed/audio/no_drone/2-88724-A-382.wav,2-88724-A-382.wav,uav_db,no_drone,folder_name,train
data/processed/audio/no_drone/silence113.wav,silence113.wav,uav_db,no_drone,folder_name,train
data/processed/audio/no_drone/4-186935-A-442.wav,4-186935-A-442.wav,uav_db,no_drone,folder_name,train
data/processed/audio/drone/mixed_38-bebop_004_.wav,mixed_38-bebop_004_.wav,uav_db,drone,folder_name,train
data/processed/audio/drone/B_S2_D1_080-bebop_004_.wav,B_S2_D1_080-bebop_004_.wav,uav_db,drone,folder_name,train
data/processed/audio/drone/Membo_1_033-membo_000_.wav,Membo_1_033-membo_000_.wav,uav_db,drone,folder_name,train
data/processed/audio/drone/extra_membo_D2_2012.wav,extra_membo_D2_2012.wav,uav_db,drone,folder_name,train
data/processed/audio/no_drone/2-67422-A-182.wav,2-67422-A-182.wav,uav_db,no_drone,folder_name,train
data/processed/audio/drone/mixed_32-bebop_004_.wav,mixed_32-bebop_004_.wav,uav_db,drone,folder_name,train
data/processed/audio/drone/mixed_14-bebop_001_.wav,mixed_14-bebop_001_.wav,uav_db,drone,folder_name,train
data/processed/audio/drone/mixed_13-bebop_002_.wav,mixed_13-bebop_002_.wav,uav_db,drone,folder_name,train
data/processed/audio/no_drone/5-195518-A-72.wav,5-195518-A-72.wav,uav_db,no_drone,folder_name,train
data/processed/audio/no_drone/2-117615-D-481.wav,2-117615-D-481.wav,uav_db,no_drone,folder_name,train
data/processed/audio/drone/Membo_1_045-membo_000_.wav,Membo_1_045-membo_000_.wav,uav_db,drone,folder_name,train
data/processed/audio/drone/Membo_0_010-membo_003_.wav,Membo_0_010-membo_003_.wav,uav_db,drone,folder_name,train
data/processed/audio/no_drone/4-172732-A-360.wav,4-172732-A-360.wav,uav_db,no_drone,folder_name,train
data/processed/audio/no_drone/3-105235-A-71.wav,3-105235-A-71.wav,uav_db,no_drone,folder_name,train
data/processed/audio/no_drone/2-205966-A-162.wav,2-205966-A-162.wav,uav_db,no_drone,folder_name,train
data/processed/audio/drone/mixed_63-bebop_004_.wav,mixed_63-bebop_004_.wav,uav_db,drone,folder_name,train
data/processed/audio/no_drone/1-47819-A-54.wav,1-47819-A-54.wav,uav_db,no_drone,folder_name,train
data/processed/audio/drone/B_S2_D1_077-bebop_000_.wav,B_S2_D1_077-bebop_000_.wav,uav_db,drone,folder_name,train
data/processed/audio/drone/Membo_1_034-membo_000_.wav,Membo_1_034-membo_000_.wav,uav_db,drone,folder_name,train
data/processed/audio/drone/Membo_1_044-membo_000_.wav,Membo_1_044-membo_000_.wav,uav_db,drone,folder_name,train
data/processed/audio/no_drone/3-134699-C-162.wav,3-134699-C-162.wav,uav_db,no_drone,folder_name,train
data/processed/audio/drone/Membo_1_042-membo_003_.wav,Membo_1_042-membo_003_.wav,uav_db,drone,folder_name,train
data/processed/audio/no_drone/4-102844-A-492.wav,4-102844-A-492.wav,uav_db,no_drone,folder_name,train
data/processed/audio/drone/extra_membo_D2_2040.wav,extra_membo_D2_2040.wav,uav_db,drone,folder_name,train
data/processed/audio/no_drone/1-39835-B-91.wav,1-39835-B-91.wav,uav_db,no_drone,folder_name,train
data/processed/audio/no_drone/4-194808-A-294.wav,4-194808-A-294.wav,uav_db,no_drone,folder_name,train
data/processed/audio/drone/Membo_0_015-membo_000_.wav,Membo_0_015-membo_000_.wav,uav_db,drone,folder_name,train
data/processed/audio/no_drone/3-145487-A-241.wav,3-145487-A-241.wav,uav_db,no_drone,folder_name,train
data/processed/audio/drone/Membo_2_011-membo_000_.wav,Membo_2_011-membo_000_.wav,uav_db,drone,folder_name,train
data/processed/audio/drone/mixed_38-bebop_003_.wav,mixed_38-bebop_003_.wav,uav_db,drone,folder_name,train
data/processed/audio/drone/mixed_8-bebop_003_.wav,mixed_8-bebop_003_.wav,uav_db,drone,folder_name,train
data/processed/audio/no_drone/5-213077-A-114.wav,5-213077-A-114.wav,uav_db,no_drone,folder_name,train
data/processed/audio/drone/mixed_membo_17-membo_004_.wav,mixed_membo_17-membo_004_.wav,uav_db,drone,folder_name,train
data/processed/audio/drone/B_S2_D1_097-bebop_004_.wav,B_S2_D1_097-bebop_004_.wav,uav_db,drone,folder_name,train
data/processed/audio/drone/mixed_membo_12-membo_004_.wav,mixed_membo_12-membo_004_.wav,uav_db,drone,folder_name,train
data/processed/audio/no_drone/2-80844-A-133.wav,2-80844-A-133.wav,uav_db,no_drone,folder_name,train
data/processed/audio/drone/B_S2_D1_127-bebop_000_.wav,B_S2_D1_127-bebop_000_.wav,uav_db,drone,folder_name,train
data/processed/audio/drone/extra_membo_D2_2055.wav,extra_membo_D2_2055.wav,uav_db,drone,folder_name,train
data/processed/audio/drone/Membo_1_002-membo_000_.wav,Membo_1_002-membo_000_.wav,uav_db,drone,folder_name,train
data/processed/audio/drone/Membo_1_029-membo_000_.wav,Membo_1_029-membo_000_.wav,uav_db,drone,folder_name,train
data/processed/audio/no_drone/5-259514-A-262.wav,5-259514-A-262.wav,uav_db,no_drone,folder_name,train
data/processed/audio/no_drone/2-77346-A-461.wav,2-77346-A-461.wav,uav_db,no_drone,folder_name,train
data/processed/audio/drone/Membo_2_016-membo_001_.wav,Membo_2_016-membo_001_.wav,uav_db,drone,folder_name,train
data/processed/audio/drone/B_S2_D1_082-bebop_004_.wav,B_S2_D1_082-bebop_004_.wav,uav_db,drone,folder_name,train
data/processed/audio/drone/Membo_1_001-membo_003_.wav,Membo_1_001-membo_003_.wav,uav_db,drone,folder_name,train
data/processed/audio/no_drone/3-145382-A-12.wav,3-145382-A-12.wav,uav_db,no_drone,folder_name,train
data/processed/audio/drone/Membo_0_001-membo_001_.wav,Membo_0_001-membo_001_.wav,uav_db,drone,folder_name,train
data/processed/audio/drone/B_S2_D1_119-bebop_000_.wav,B_S2_D1_119-bebop_000_.wav,uav_db,drone,folder_name,train
data/processed/audio/drone/B_S2_D1_080-bebop_002_.wav,B_S2_D1_080-bebop_002_.wav,uav_db,drone,folder_name,train
data/processed/audio/no_drone/5-209833-A-380.wav,5-209833-A-380.wav,uav_db,no_drone,folder_name,train
data/processed/audio/drone/mixed_membo_19-membo_002_.wav,mixed_membo_19-membo_002_.wav,uav_db,drone,folder_name,train
data/processed/audio/drone/mixed_membo_51-membo_004_.wav,mixed_membo_51-membo_004_.wav,uav_db,drone,folder_name,train
data/processed/audio/drone/mixed_63-bebop_000_.wav,mixed_63-bebop_000_.wav,uav_db,drone,folder_name,train
data/processed/audio/drone/Membo_1_029-membo_004_.wav,Membo_1_029-membo_004_.wav,uav_db,drone,folder_name,train
data/processed/audio/drone/B_S2_D1_091-bebop_003_.wav,B_S2_D1_091-bebop_003_.wav,uav_db,drone,folder_name,train
data/processed/audio/no_drone/2-81112-A-343.wav,2-81112-A-343.wav,uav_db,no_drone,folder_name,train
data/processed/audio/no_drone/4-145081-A-90.wav,4-145081-A-90.wav,uav_db,no_drone,folder_name,train
data/processed/audio/drone/mixed_30-bebop_003_.wav,mixed_30-bebop_003_.wav,uav_db,drone,folder_name,train
data/processed/audio/drone/Membo_0_001-membo_004_.wav,Membo_0_001-membo_004_.wav,uav_db,drone,folder_name,train
data/processed/audio/no_drone/4-204119-A-393.wav,4-204119-A-393.wav,uav_db,no_drone,folder_name,train
data/processed/audio/no_drone/2-102414-C-174.wav,2-102414-C-174.wav,uav_db,no_drone,folder_name,train
data/processed/audio/drone/Membo_1_047-membo_002_.wav,Membo_1_047-membo_002_.wav,uav_db,drone,folder_name,train
data/processed/audio/no_drone/4-191687-A-01.wav,4-191687-A-01.wav,uav_db,no_drone,folder_name,train
data/processed/audio/no_drone/pink_noise004.wav,pink_noise004.wav,uav_db,no_drone,folder_name,train
data/processed/audio/drone/Membo_1_004-membo_002_.wav,Membo_1_004-membo_002_.wav,uav_db,drone,folder_name,train
data/processed/audio/drone/Membo_0_014-membo_000_.wav,Membo_0_014-membo_000_.wav,uav_db,drone,folder_name,train
data/processed/audio/no_drone/1-19026-A-431.wav,1-19026-A-431.wav,uav_db,no_drone,folder_name,train
data/processed/audio/no_drone/2-141681-A-360.wav,2-141681-A-360.wav,uav_db,no_drone,folder_name,train
data/processed/audio/drone/Membo_1_042-membo_002_.wav,Membo_1_042-membo_002_.wav,uav_db,drone,folder_name,train
data/processed/audio/no_drone/2-117615-E-484.wav,2-117615-E-484.wav,uav_db,no_drone,folder_name,train
data/processed/audio/drone/B_S2_D1_118-bebop_001_.wav,B_S2_D1_118-bebop_001_.wav,uav_db,drone,folder_name,train
data/processed/audio/no_drone/3-100018-A-183.wav,3-100018-A-183.wav,uav_db,no_drone,folder_name,train
data/processed/audio/no_drone/2-32515-B-40.wav,2-32515-B-40.wav,uav_db,no_drone,folder_name,train
data/processed/audio/no_drone/3-216281-A-392.wav,3-216281-A-392.wav,uav_db,no_drone,folder_name,train
data/processed/audio/no_drone/2-84943-A-183.wav,2-84943-A-183.wav,uav_db,no_drone,folder_name,train
data/processed/audio/no_drone/3-103401-D-333.wav,3-103401-D-333.wav,uav_db,no_drone,folder_name,train
data/processed/audio/no_drone/2-42101-A-433.wav,2-42101-A-433.wav,uav_db,no_drone,folder_name,train
data/processed/audio/no_drone/1-208757-E-23.wav,1-208757-E-23.wav,uav_db,no_drone,folder_name,train
data/processed/audio/drone/B_S2_D1_100-bebop_000_.wav,B_S2_D1_100-bebop_000_.wav,uav_db,drone,folder_name,train
data/processed/audio/drone/mixed_28-bebop_000_.wav,mixed_28-bebop_000_.wav,uav_db,drone,folder_name,train
data/processed/audio/no_drone/1-115920-A-221.wav,1-115920-A-221.wav,uav_db,no_drone,folder_name,train
data/processed/audio/drone/mixed_20-bebop_001_.wav,mixed_20-bebop_001_.wav,uav_db,drone,folder_name,train
data/processed/audio/no_drone/5-191497-A-333.wav,5-191497-A-333.wav,uav_db,no_drone,folder_name,train
data/processed/audio/no_drone/4-165813-A-190.wav,4-165813-A-190.wav,uav_db,no_drone,folder_name,train
data/processed/audio/no_drone/2-99796-A-323.wav,2-99796-A-323.wav,uav_db,no_drone,folder_name,train
data/processed/audio/no_drone/4-161579-B-403.wav,4-161579-B-403.wav,uav_db,no_drone,folder_name,train
data/processed/audio/drone/B_S2_D1_102-bebop_000_.wav,B_S2_D1_102-bebop_000_.wav,uav_db,drone,folder_name,train
data/processed/audio/drone/Membo_0_004-membo_004_.wav,Membo_0_004-membo_004_.wav,uav_db,drone,folder_name,train
data/processed/audio/no_drone/5-177957-B-402.wav,5-177957-B-402.wav,uav_db,no_drone,folder_name,train
data/processed/audio/no_drone/2-64332-A-181.wav,2-64332-A-181.wav,uav_db,no_drone,folder_name,train
data/processed/audio/no_drone/4-185619-A-213.wav,4-185619-A-213.wav,uav_db,no_drone,folder_name,train
data/processed/audio/drone/B_S2_D1_127-bebop_003_.wav,B_S2_D1_127-bebop_003_.wav,uav_db,drone,folder_name,train
data/processed/audio/no_drone/3-149465-A-223.wav,3-149465-A-223.wav,uav_db,no_drone,folder_name,train
data/processed/audio/no_drone/1-118206-A-311.wav,1-118206-A-311.wav,uav_db,no_drone,folder_name,train
data/processed/audio/drone/DJI_Mavic2pro_81.wav,DJI_Mavic2pro_81.wav,uav_db,drone,folder_name,train
data/processed/audio/no_drone/4-180453-A-174.wav,4-180453-A-174.wav,uav_db,no_drone,folder_name,train
data/processed/audio/drone/B_S2_D1_106-bebop_001_.wav,B_S2_D1_106-bebop_001_.wav,uav_db,drone,folder_name,train
data/processed/audio/no_drone/1-110537-A-221.wav,1-110537-A-221.wav,uav_db,no_drone,folder_name,train
data/processed/audio/no_drone/2-127108-A-381.wav,2-127108-A-381.wav,uav_db,no_drone,folder_name,train
data/processed/audio/no_drone/4-250869-B-21.wav,4-250869-B-21.wav,uav_db,no_drone,folder_name,train
data/processed/audio/drone/mixed_7-bebop_003_.wav,mixed_7-bebop_003_.wav,uav_db,drone,folder_name,train
data/processed/audio/drone/B_S2_D1_074-bebop_003_.wav,B_S2_D1_074-bebop_003_.wav,uav_db,drone,folder_name,train
data/processed/audio/drone/mixed_membo_20-membo_001_.wav,mixed_membo_20-membo_001_.wav,uav_db,drone,folder_name,train
data/processed/audio/drone/mixed_membo_22-membo_000_.wav,mixed_membo_22-membo_000_.wav,uav_db,drone,folder_name,train
data/processed/audio/no_drone/white_noise005.wav,white_noise005.wav,uav_db,no_drone,folder_name,train
data/processed/audio/no_drone/2-73260-A-104.wav,2-73260-A-104.wav,uav_db,no_drone,folder_name,train
data/processed/audio/drone/mixed_15-bebop_004_.wav,mixed_15-bebop_004_.wav,uav_db,drone,folder_name,train
data/processed/audio/no_drone/3-166546-A-344.wav,3-166546-A-344.wav,uav_db,no_drone,folder_name,train
data/processed/audio/no_drone/4-177835-A-240.wav,4-177835-A-240.wav,uav_db,no_drone,folder_name,train
data/processed/audio/no_drone/3-145382-A-10.wav,3-145382-A-10.wav,uav_db,no_drone,folder_name,train
data/processed/audio/drone/mixed_4-bebop_002_.wav,mixed_4-bebop_002_.wav,uav_db,drone,folder_name,train
data/processed/audio/no_drone/4-164243-A-262.wav,4-164243-A-262.wav,uav_db,no_drone,folder_name,train
data/processed/audio/no_drone/5-232802-A-313.wav,5-232802-A-313.wav,uav_db,no_drone,folder_name,train
data/processed/audio/drone/Membo_2_014-membo_001_.wav,Membo_2_014-membo_001_.wav,uav_db,drone,folder_name,train
data/processed/audio/drone/mixed_membo_51-membo_002_.wav,mixed_membo_51-membo_002_.wav,uav_db,drone,folder_name,train
data/processed/audio/no_drone/2-83667-A-341.wav,2-83667-A-341.wav,uav_db,no_drone,folder_name,train
data/processed/audio/no_drone/5-232272-A-442.wav,5-232272-A-442.wav,uav_db,no_drone,folder_name,train
data/processed/audio/no_drone/5-216370-A-411.wav,5-216370-A-411.wav,uav_db,no_drone,folder_name,train
data/processed/audio/drone/mixed_57-bebop_001_.wav,mixed_57-bebop_001_.wav,uav_db,drone,folder_name,train
data/processed/audio/no_drone/1-56234-A-93.wav,1-56234-A-93.wav,uav_db,no_drone,folder_name,train
data/processed/audio/no_drone/5-221950-A-221.wav,5-221950-A-221.wav,uav_db,no_drone,folder_name,train
data/processed/audio/drone/mixed_membo_51-membo_003_.wav,mixed_membo_51-membo_003_.wav,uav_db,drone,folder_name,train
data/processed/audio/no_drone/4-147658-A-463.wav,4-147658-A-463.wav,uav_db,no_drone,folder_name,train
data/processed/audio/drone/B_S2_D1_121-bebop_003_.wav,B_S2_D1_121-bebop_003_.wav,uav_db,drone,folder_name,train
data/processed/audio/drone/mixed_26-bebop_002_.wav,mixed_26-bebop_002_.wav,uav_db,drone,folder_name,train
data/processed/audio/drone/mixed_61-bebop_003_.wav,mixed_61-bebop_003_.wav,uav_db,drone,folder_name,train
data/processed/audio/no_drone/3-144120-A-321.wav,3-144120-A-321.wav,uav_db,no_drone,folder_name,train
data/processed/audio/no_drone/4-204123-A-394.wav,4-204123-A-394.wav,uav_db,no_drone,folder_name,train
data/processed/audio/drone/mixed_membo_10-membo_004_.wav,mixed_membo_10-membo_004_.wav,uav_db,drone,folder_name,train
data/processed/audio/no_drone/4-168446-A-453.wav,4-168446-A-453.wav,uav_db,no_drone,folder_name,train
data/processed/audio/no_drone/5-160614-E-480.wav,5-160614-E-480.wav,uav_db,no_drone,folder_name,train
data/processed/audio/drone/mixed_membo_37-membo_000_.wav,mixed_membo_37-membo_000_.wav,uav_db,drone,folder_name,train
data/processed/audio/drone/Membo_0_015-membo_002_.wav,Membo_0_015-membo_002_.wav,uav_db,drone,folder_name,train
data/processed/audio/drone/B_S2_D1_086-bebop_001_.wav,B_S2_D1_086-bebop_001_.wav,uav_db,drone,folder_name,train
data/processed/audio/no_drone/1-38560-A-140.wav,1-38560-A-140.wav,uav_db,no_drone,folder_name,train
data/processed/audio/no_drone/5-200329-A-83.wav,5-200329-A-83.wav,uav_db,no_drone,folder_name,train
data/processed/audio/no_drone/5-221528-A-394.wav,5-221528-A-394.wav,uav_db,no_drone,folder_name,train
data/processed/audio/no_drone/1-76831-C-422.wav,1-76831-C-422.wav,uav_db,no_drone,folder_name,train
data/processed/audio/drone/mixed_membo_17-membo_002_.wav,mixed_membo_17-membo_002_.wav,uav_db,drone,folder_name,train
data/processed/audio/drone/Membo_0_016-membo_003_.wav,Membo_0_016-membo_003_.wav,uav_db,drone,folder_name,train
data/processed/audio/drone/UDI_U46_63.wav,UDI_U46_63.wav,uav_db,drone,folder_name,train
data/processed/audio/drone/mixed_membo_61-membo_002_.wav,mixed_membo_61-membo_002_.wav,uav_db,drone,folder_name,train
data/processed/audio/no_drone/3-95698-A-52.wav,3-95698-A-52.wav,uav_db,no_drone,folder_name,train
data/processed/audio/drone/Membo_1_033-membo_002_.wav,Membo_1_033-membo_002_.wav,uav_db,drone,folder_name,train
data/processed/audio/drone/B_S2_D1_124-bebop_001_.wav,B_S2_D1_124-bebop_001_.wav,uav_db,drone,folder_name,train
data/processed/audio/drone/mixed_42-bebop_003_.wav,mixed_42-bebop_003_.wav,uav_db,drone,folder_name,train
data/processed/audio/drone/mixed_membo_15-membo_003_.wav,mixed_membo_15-membo_003_.wav,uav_db,drone,folder_name,train
data/processed/audio/drone/mixed_62-bebop_004_.wav,mixed_62-bebop_004_.wav,uav_db,drone,folder_name,train
data/processed/audio/drone/B_S2_D1_106-bebop_003_.wav,B_S2_D1_106-bebop_003_.wav,uav_db,drone,folder_name,train
data/processed/audio/drone/mixed_8-bebop_001_.wav,mixed_8-bebop_001_.wav,uav_db,drone,folder_name,train
data/processed/audio/no_drone/1-39835-A-90.wav,1-39835-A-90.wav,uav_db,no_drone,folder_name,train
data/processed/audio/no_drone/1-43807-C-471.wav,1-43807-C-471.wav,uav_db,no_drone,folder_name,train
data/processed/audio/drone/mixed_56-bebop_000_.wav,mixed_56-bebop_000_.wav,uav_db,drone,folder_name,train
data/processed/audio/drone/mixed_membo_4-membo_002_.wav,mixed_membo_4-membo_002_.wav,uav_db,drone,folder_name,train
data/processed/audio/drone/mixed_membo_12-membo_000_.wav,mixed_membo_12-membo_000_.wav,uav_db,drone,folder_name,train
data/processed/audio/no_drone/3-130998-A-281.wav,3-130998-A-281.wav,uav_db,no_drone,folder_name,train
data/processed/audio/no_drone/3-177082-A-222.wav,3-177082-A-222.wav,uav_db,no_drone,folder_name,train
data/processed/audio/drone/Membo_0_004-membo_003_.wav,Membo_0_004-membo_003_.wav,uav_db,drone,folder_name,train
data/processed/audio/drone/Membo_0_003-membo_003_.wav,Membo_0_003-membo_003_.wav,uav_db,drone,folder_name,train
data/processed/audio/drone/mixed_10-bebop_002_.wav,mixed_10-bebop_002_.wav,uav_db,drone,folder_name,train
data/processed/audio/drone/mixed_37-bebop_004_.wav,mixed_37-bebop_004_.wav,uav_db,drone,folder_name,train
data/processed/audio/no_drone/3-140199-C-80.wav,3-140199-C-80.wav,uav_db,no_drone,folder_name,train
data/processed/audio/no_drone/4-164661-A-124.wav,4-164661-A-124.wav,uav_db,no_drone,folder_name,train
data/processed/audio/drone/B_S2_D1_085-bebop_002_.wav,B_S2_D1_085-bebop_002_.wav,uav_db,drone,folder_name,train
data/processed/audio/drone/B_S2_D1_104-bebop_000_.wav,B_S2_D1_104-bebop_000_.wav,uav_db,drone,folder_name,train
data/processed/audio/no_drone/5-194930-B-14.wav,5-194930-B-14.wav,uav_db,no_drone,folder_name,train
data/processed/audio/drone/DJI_Mini3_pro_30.wav,DJI_Mini3_pro_30.wav,uav_db,drone,folder_name,train
data/processed/audio/drone/mixed_49-bebop_004_.wav,mixed_49-bebop_004_.wav,uav_db,drone,folder_name,train
data/processed/audio/drone/mixed_45-bebop_002_.wav,mixed_45-bebop_002_.wav,uav_db,drone,folder_name,train
data/processed/audio/no_drone/4-125070-A-194.wav,4-125070-A-194.wav,uav_db,no_drone,folder_name,train
data/processed/audio/drone/B_S2_D1_094-bebop_004_.wav,B_S2_D1_094-bebop_004_.wav,uav_db,drone,folder_name,train
data/processed/audio/drone/mixed_26-bebop_004_.wav,mixed_26-bebop_004_.wav,uav_db,drone,folder_name,train
data/processed/audio/drone/mixed_membo_16-membo_001_.wav,mixed_membo_16-membo_001_.wav,uav_db,drone,folder_name,train
data/processed/audio/drone/mixed_membo_48-membo_002_.wav,mixed_membo_48-membo_002_.wav,uav_db,drone,folder_name,train
data/processed/audio/drone/mixed_51-bebop_001_.wav,mixed_51-bebop_001_.wav,uav_db,drone,folder_name,train
data/processed/audio/no_drone/2-62226-A-261.wav,2-62226-A-261.wav,uav_db,no_drone,folder_name,train
data/processed/audio/no_drone/2-69131-A-51.wav,2-69131-A-51.wav,uav_db,no_drone,folder_name,train
data/processed/audio/drone/B_S2_D1_067-bebop_000_.wav,B_S2_D1_067-bebop_000_.wav,uav_db,drone,folder_name,train
data/processed/audio/drone/Membo_1_004-membo_003_.wav,Membo_1_004-membo_003_.wav,uav_db,drone,folder_name,train
data/processed/audio/no_drone/1-17124-A-430.wav,1-17124-A-430.wav,uav_db,no_drone,folder_name,train
data/processed/audio/drone/mixed_24-bebop_003_.wav,mixed_24-bebop_003_.wav,uav_db,drone,folder_name,train
data/processed/audio/drone/B_S2_D1_078-bebop_002_.wav,B_S2_D1_078-bebop_002_.wav,uav_db,drone,folder_name,train
data/processed/audio/drone/B_S2_D1_125-bebop_001_.wav,B_S2_D1_125-bebop_001_.wav,uav_db,drone,folder_name,train
data/processed/audio/no_drone/4-171823-A-132.wav,4-171823-A-132.wav,uav_db,no_drone,folder_name,train
data/processed/audio/no_drone/1-50688-A-174.wav,1-50688-A-174.wav,uav_db,no_drone,folder_name,train
data/processed/audio/no_drone/3-103051-B-192.wav,3-103051-B-192.wav,uav_db,no_drone,folder_name,train
data/processed/audio/no_drone/1-29561-A-101.wav,1-29561-A-101.wav,uav_db,no_drone,folder_name,train
data/processed/audio/no_drone/1-208757-B-20.wav,1-208757-B-20.wav,uav_db,no_drone,folder_name,train
data/processed/audio/no_drone/5-221593-A-213.wav,5-221593-A-213.wav,uav_db,no_drone,folder_name,train
data/processed/audio/drone/mixed_39-bebop_004_.wav,mixed_39-bebop_004_.wav,uav_db,drone,folder_name,train
data/processed/audio/drone/mixed_0-bebop_000_.wav,mixed_0-bebop_000_.wav,uav_db,drone,folder_name,train
data/processed/audio/drone/mixed_membo_23-membo_002_.wav,mixed_membo_23-membo_002_.wav,uav_db,drone,folder_name,train
data/processed/audio/no_drone/4-123680-A-184.wav,4-123680-A-184.wav,uav_db,no_drone,folder_name,train
data/processed/audio/drone/B_S2_D1_113-bebop_002_.wav,B_S2_D1_113-bebop_002_.wav,uav_db,drone,folder_name,train
data/processed/audio/drone/B_S2_D1_114-bebop_003_.wav,B_S2_D1_114-bebop_003_.wav,uav_db,drone,folder_name,train
data/processed/audio/no_drone/1-29532-A-163.wav,1-29532-A-163.wav,uav_db,no_drone,folder_name,train
data/processed/audio/no_drone/4-160036-A-334.wav,4-160036-A-334.wav,uav_db,no_drone,folder_name,train
data/processed/audio/drone/mixed_membo_61-membo_004_.wav,mixed_membo_61-membo_004_.wav,uav_db,drone,folder_name,train
data/processed/audio/drone/mixed_48-bebop_002_.wav,mixed_48-bebop_002_.wav,uav_db,drone,folder_name,train
data/processed/audio/drone/mixed_membo_45-membo_000_.wav,mixed_membo_45-membo_000_.wav,uav_db,drone,folder_name,train
data/processed/audio/no_drone/3-144028-A-01.wav,3-144028-A-01.wav,uav_db,no_drone,folder_name,train
data/processed/audio/drone/mixed_membo_25-membo_003_.wav,mixed_membo_25-membo_003_.wav,uav_db,drone,folder_name,train
data/processed/audio/drone/B_S2_D1_080-bebop_000_.wav,B_S2_D1_080-bebop_000_.wav,uav_db,drone,folder_name,train
data/processed/audio/drone/mixed_membo_51-membo_001_.wav,mixed_membo_51-membo_001_.wav,uav_db,drone,folder_name,train
data/processed/audio/drone/Membo_0_013-membo_004_.wav,Membo_0_013-membo_004_.wav,uav_db,drone,folder_name,train
data/processed/audio/no_drone/3-161010-A-433.wav,3-161010-A-433.wav,uav_db,no_drone,folder_name,train
data/processed/audio/drone/mixed_membo_32-membo_004_.wav,mixed_membo_32-membo_004_.wav,uav_db,drone,folder_name,train
data/processed/audio/drone/Membo_2_010-membo_002_.wav,Membo_2_010-membo_002_.wav,uav_db,drone,folder_name,train
data/processed/audio/no_drone/silence287.wav,silence287.wav,uav_db,no_drone,folder_name,train
data/processed/audio/drone/mixed_35-bebop_001_.wav,mixed_35-bebop_001_.wav,uav_db,drone,folder_name,train
data/processed/audio/no_drone/3-142005-A-104.wav,3-142005-A-104.wav,uav_db,no_drone,folder_name,train
data/processed/audio/drone/Membo_0_005-membo_000_.wav,Membo_0_005-membo_000_.wav,uav_db,drone,folder_name,train
data/processed/audio/drone/mixed_membo_60-membo_001_.wav,mixed_membo_60-membo_001_.wav,uav_db,drone,folder_name,train
data/processed/audio/drone/mixed_membo_36-membo_000_.wav,mixed_membo_36-membo_000_.wav,uav_db,drone,folder_name,train
data/processed/audio/drone/mixed_47-bebop_001_.wav,mixed_47-bebop_001_.wav,uav_db,drone,folder_name,train
data/processed/audio/no_drone/2-95567-A-232.wav,2-95567-A-232.wav,uav_db,no_drone,folder_name,train
data/processed/audio/drone/mixed_4-bebop_003_.wav,mixed_4-bebop_003_.wav,uav_db,drone,folder_name,train
data/processed/audio/drone/mixed_57-bebop_002_.wav,mixed_57-bebop_002_.wav,uav_db,drone,folder_name,train
data/processed/audio/no_drone/3-101381-B-333.wav,3-101381-B-333.wav,uav_db,no_drone,folder_name,train
data/processed/audio/drone/B_S2_D1_112-bebop_004_.wav,B_S2_D1_112-bebop_004_.wav,uav_db,drone,folder_name,train
data/processed/audio/no_drone/1-29680-A-210.wav,1-29680-A-210.wav,uav_db,no_drone,folder_name,train
data/processed/audio/drone/mixed_membo_47-membo_004_.wav,mixed_membo_47-membo_004_.wav,uav_db,drone,folder_name,train
data/processed/audio/no_drone/5-208030-A-03.wav,5-208030-A-03.wav,uav_db,no_drone,folder_name,train
data/processed/audio/drone/mixed_39-bebop_001_.wav,mixed_39-bebop_001_.wav,uav_db,drone,folder_name,train
data/processed/audio/drone/mixed_40-bebop_003_.wav,mixed_40-bebop_003_.wav,uav_db,drone,folder_name,train
data/processed/audio/no_drone/3-233151-A-24.wav,3-233151-A-24.wav,uav_db,no_drone,folder_name,train
data/processed/audio/no_drone/5-244459-A-284.wav,5-244459-A-284.wav,uav_db,no_drone,folder_name,train
data/processed/audio/drone/B_S2_D1_096-bebop_001_.wav,B_S2_D1_096-bebop_001_.wav,uav_db,drone,folder_name,train
data/processed/audio/drone/Membo_0_040-membo_003_.wav,Membo_0_040-membo_003_.wav,uav_db,drone,folder_name,train
data/processed/audio/no_drone/3-146873-A-242.wav,3-146873-A-242.wav,uav_db,no_drone,folder_name,train
data/processed/audio/drone/Membo_1_029-membo_001_.wav,Membo_1_029-membo_001_.wav,uav_db,drone,folder_name,train
data/processed/audio/no_drone/2-209475-A-252.wav,2-209475-A-252.wav,uav_db,no_drone,folder_name,train
data/processed/audio/no_drone/3-182023-A-302.wav,3-182023-A-302.wav,uav_db,no_drone,folder_name,train
data/processed/audio/no_drone/1-79711-A-320.wav,1-79711-A-320.wav,uav_db,no_drone,folder_name,train
data/processed/audio/no_drone/5-161270-B-334.wav,5-161270-B-334.wav,uav_db,no_drone,folder_name,train
data/processed/audio/drone/B_S2_D1_085-bebop_001_.wav,B_S2_D1_085-bebop_001_.wav,uav_db,drone,folder_name,train
data/processed/audio/no_drone/2-72547-B-143.wav,2-72547-B-143.wav,uav_db,no_drone,folder_name,train
data/processed/audio/no_drone/1-101296-B-194.wav,1-101296-B-194.wav,uav_db,no_drone,folder_name,train
data/processed/audio/no_drone/4-180453-A-171.wav,4-180453-A-171.wav,uav_db,no_drone,folder_name,train
data/processed/audio/drone/mixed_membo_11-membo_003_.wav,mixed_membo_11-membo_003_.wav,uav_db,drone,folder_name,train
data/processed/audio/no_drone/3-103598-A-254.wav,3-103598-A-254.wav,uav_db,no_drone,folder_name,train
data/processed/audio/drone/mixed_membo_38-membo_004_.wav,mixed_membo_38-membo_004_.wav,uav_db,drone,folder_name,train
data/processed/audio/drone/mixed_membo_27-membo_000_.wav,mixed_membo_27-membo_000_.wav,uav_db,drone,folder_name,train
data/processed/audio/no_drone/4-175855-A-433.wav,4-175855-A-433.wav,uav_db,no_drone,folder_name,train
data/processed/audio/no_drone/3-51909-B-423.wav,3-51909-B-423.wav,uav_db,no_drone,folder_name,train
data/processed/audio/no_drone/3-70962-A-43.wav,3-70962-A-43.wav,uav_db,no_drone,folder_name,train
data/processed/audio/drone/B_S2_D1_083-bebop_001_.wav,B_S2_D1_083-bebop_001_.wav,uav_db,drone,folder_name,train
data/processed/audio/drone/B_S2_D1_085-bebop_000_.wav,B_S2_D1_085-bebop_000_.wav,uav_db,drone,folder_name,train
data/processed/audio/no_drone/5-253094-A-492.wav,5-253094-A-492.wav,uav_db,no_drone,folder_name,train
data/processed/audio/drone/mixed_46-bebop_001_.wav,mixed_46-bebop_001_.wav,uav_db,drone,folder_name,train
data/processed/audio/no_drone/3-112397-A-94.wav,3-112397-A-94.wav,uav_db,no_drone,folder_name,train
data/processed/audio/drone/Membo_1_048-membo_003_.wav,Membo_1_048-membo_003_.wav,uav_db,drone,folder_name,train
data/processed/audio/drone/Membo_1_047-membo_004_.wav,Membo_1_047-membo_004_.wav,uav_db,drone,folder_name,train
data/processed/audio/drone/mixed_5-bebop_000_.wav,mixed_5-bebop_000_.wav,uav_db,drone,folder_name,train
data/processed/audio/no_drone/5-180156-B-431.wav,5-180156-B-431.wav,uav_db,no_drone,folder_name,train
data/processed/audio/drone/Membo_1_030-membo_000_.wav,Membo_1_030-membo_000_.wav,uav_db,drone,folder_name,train
data/processed/audio/no_drone/4-213193-A-290.wav,4-213193-A-290.wav,uav_db,no_drone,folder_name,train
data/processed/audio/no_drone/1-23094-B-150.wav,1-23094-B-150.wav,uav_db,no_drone,folder_name,train
data/processed/audio/drone/mixed_membo_62-membo_003_.wav,mixed_membo_62-membo_003_.wav,uav_db,drone,folder_name,train
data/processed/audio/drone/Membo_1_034-membo_003_.wav,Membo_1_034-membo_003_.wav,uav_db,drone,folder_name,train
data/processed/audio/no_drone/2-108767-B-92.wav,2-108767-B-92.wav,uav_db,no_drone,folder_name,train
data/processed/audio/drone/Membo_1_046-membo_004_.wav,Membo_1_046-membo_004_.wav,uav_db,drone,folder_name,train
data/processed/audio/drone/mixed_membo_44-membo_004_.wav,mixed_membo_44-membo_004_.wav,uav_db,drone,folder_name,train
data/processed/audio/no_drone/1-115546-A-481.wav,1-115546-A-481.wav,uav_db,no_drone,folder_name,train
data/processed/audio/drone/Membo_1_030-membo_003_.wav,Membo_1_030-membo_003_.wav,uav_db,drone,folder_name,train
data/processed/audio/drone/mixed_35-bebop_004_.wav,mixed_35-bebop_004_.wav,uav_db,drone,folder_name,train
data/processed/audio/no_drone/5-201172-A-461.wav,5-201172-A-461.wav,uav_db,no_drone,folder_name,train
data/processed/audio/drone/extra_membo_D2_2042.wav,extra_membo_D2_2042.wav,uav_db,drone,folder_name,train
data/processed/audio/no_drone/5-256512-A-302.wav,5-256512-A-302.wav,uav_db,no_drone,folder_name,train
data/processed/audio/drone/B_S2_D1_084-bebop_001_.wav,B_S2_D1_084-bebop_001_.wav,uav_db,drone,folder_name,train
data/processed/audio/drone/extra_membo_D2_2044.wav,extra_membo_D2_2044.wav,uav_db,drone,folder_name,train
data/processed/audio/drone/B_S2_D1_121-bebop_004_.wav,B_S2_D1_121-bebop_004_.wav,uav_db,drone,folder_name,train
data/processed/audio/drone/B_S2_D1_109-bebop_003_.wav,B_S2_D1_109-bebop_003_.wav,uav_db,drone,folder_name,train
data/processed/audio/drone/B_S2_D1_111-bebop_004_.wav,B_S2_D1_111-bebop_004_.wav,uav_db,drone,folder_name,train
data/processed/audio/no_drone/4-172733-A-362.wav,4-172733-A-362.wav,uav_db,no_drone,folder_name,train
data/processed/audio/drone/mixed_0-bebop_003_.wav,mixed_0-bebop_003_.wav,uav_db,drone,folder_name,train
data/processed/audio/drone/extra_membo_D2_2014.wav,extra_membo_D2_2014.wav,uav_db,drone,folder_name,train
data/processed/audio/no_drone/3-108677-A-184.wav,3-108677-A-184.wav,uav_db,no_drone,folder_name,train
data/processed/audio/no_drone/2-79769-A-260.wav,2-79769-A-260.wav,uav_db,no_drone,folder_name,train
data/processed/audio/no_drone/5-185908-A-181.wav,5-185908-A-181.wav,uav_db,no_drone,folder_name,train
data/processed/audio/no_drone/1-47250-B-411.wav,1-47250-B-411.wav,uav_db,no_drone,folder_name,train
data/processed/audio/no_drone/1-46274-A-180.wav,1-46274-A-180.wav,uav_db,no_drone,folder_name,train
data/processed/audio/no_drone/1-59102-A-132.wav,1-59102-A-132.wav,uav_db,no_drone,folder_name,train
data/processed/audio/drone/B_S2_D1_073-bebop_001_.wav,B_S2_D1_073-bebop_001_.wav,uav_db,drone,folder_name,train
data/processed/audio/drone/mixed_41-bebop_002_.wav,mixed_41-bebop_002_.wav,uav_db,drone,folder_name,train
data/processed/audio/drone/mixed_38-bebop_000_.wav,mixed_38-bebop_000_.wav,uav_db,drone,folder_name,train
data/processed/audio/no_drone/5-177957-C-401.wav,5-177957-C-401.wav,uav_db,no_drone,folder_name,train
data/processed/audio/drone/B_S2_D1_108-bebop_001_.wav,B_S2_D1_108-bebop_001_.wav,uav_db,drone,folder_name,train
data/processed/audio/drone/mixed_25-bebop_001_.wav,mixed_25-bebop_001_.wav,uav_db,drone,folder_name,train
data/processed/audio/drone/Membo_2_015-membo_004_.wav,Membo_2_015-membo_004_.wav,uav_db,drone,folder_name,train
data/processed/audio/no_drone/1-47923-A-280.wav,1-47923-A-280.wav,uav_db,no_drone,folder_name,train
data/processed/audio/no_drone/4-136381-A-94.wav,4-136381-A-94.wav,uav_db,no_drone,folder_name,train
data/processed/audio/drone/B_S2_D1_110-bebop_003_.wav,B_S2_D1_110-bebop_003_.wav,uav_db,drone,folder_name,train
data/processed/audio/drone/B_S2_D1_072-bebop_002_.wav,B_S2_D1_072-bebop_002_.wav,uav_db,drone,folder_name,val
data/processed/audio/no_drone/5-205898-A-401.wav,5-205898-A-401.wav,uav_db,no_drone,folder_name,val
data/processed/audio/drone/B_S2_D1_107-bebop_002_.wav,B_S2_D1_107-bebop_002_.wav,uav_db,drone,folder_name,val
data/processed/audio/drone/mixed_membo_27-membo_003_.wav,mixed_membo_27-membo_003_.wav,uav_db,drone,folder_name,val
data/processed/audio/drone/Membo_0_040-membo_004_.wav,Membo_0_040-membo_004_.wav,uav_db,drone,folder_name,val
data/processed/audio/drone/Membo_0_004-membo_000_.wav,Membo_0_004-membo_000_.wav,uav_db,drone,folder_name,val
data/processed/audio/no_drone/2-114254-A-303.wav,2-114254-A-303.wav,uav_db,no_drone,folder_name,val
data/processed/audio/drone/Membo_1_042-membo_004_.wav,Membo_1_042-membo_004_.wav,uav_db,drone,folder_name,val
data/processed/audio/no_drone/4-156993-A-192.wav,4-156993-A-192.wav,uav_db,no_drone,folder_name,val
data/processed/audio/no_drone/4-119647-B-481.wav,4-119647-B-481.wav,uav_db,no_drone,folder_name,val
data/processed/audio/no_drone/4-99644-C-40.wav,4-99644-C-40.wav,uav_db,no_drone,folder_name,val
data/processed/audio/no_drone/2-139748-B-154.wav,2-139748-B-154.wav,uav_db,no_drone,folder_name,val
data/processed/audio/drone/mixed_53-bebop_003_.wav,mixed_53-bebop_003_.wav,uav_db,drone,folder_name,val
data/processed/audio/no_drone/2-151079-A-203.wav,2-151079-A-203.wav,uav_db,no_drone,folder_name,val
data/processed/audio/drone/B_S2_D1_087-bebop_004_.wav,B_S2_D1_087-bebop_004_.wav,uav_db,drone,folder_name,val
data/processed/audio/drone/mixed_47-bebop_002_.wav,mixed_47-bebop_002_.wav,uav_db,drone,folder_name,val
data/processed/audio/no_drone/4-164021-A-14.wav,4-164021-A-14.wav,uav_db,no_drone,folder_name,val
data/processed/audio/no_drone/2-116400-A-01.wav,2-116400-A-01.wav,uav_db,no_drone,folder_name,val
data/processed/audio/no_drone/1-96950-A-92.wav,1-96950-A-92.wav,uav_db,no_drone,folder_name,val
data/processed/audio/drone/B_S2_D1_107-bebop_001_.wav,B_S2_D1_107-bebop_001_.wav,uav_db,drone,folder_name,val
data/processed/audio/drone/B_S2_D1_110-bebop_004_.wav,B_S2_D1_110-bebop_004_.wav,uav_db,drone,folder_name,val
data/processed/audio/drone/mixed_membo_66-membo_001_.wav,mixed_membo_66-membo_001_.wav,uav_db,drone,folder_name,val
data/processed/audio/no_drone/3-125548-A-322.wav,3-125548-A-322.wav,uav_db,no_drone,folder_name,val
data/processed/audio/no_drone/2-60791-A-262.wav,2-60791-A-262.wav,uav_db,no_drone,folder_name,val
data/processed/audio/drone/mixed_12-bebop_000_.wav,mixed_12-bebop_000_.wav,uav_db,drone,folder_name,val
data/processed/audio/no_drone/4-186938-A-443.wav,4-186938-A-443.wav,uav_db,no_drone,folder_name,val
data/processed/audio/drone/mixed_membo_50-membo_000_.wav,mixed_membo_50-membo_000_.wav,uav_db,drone,folder_name,val
data/processed/audio/drone/mixed_membo_5-membo_001_.wav,mixed_membo_5-membo_001_.wav,uav_db,drone,folder_name,val
data/processed/audio/drone/mixed_49-bebop_002_.wav,mixed_49-bebop_002_.wav,uav_db,drone,folder_name,val
data/processed/audio/no_drone/5-244327-A-344.wav,5-244327-A-344.wav,uav_db,no_drone,folder_name,val
data/processed/audio/drone/mixed_membo_27-membo_001_.wav,mixed_membo_27-membo_001_.wav,uav_db,drone,folder_name,val
data/processed/audio/no_drone/3-160119-A-150.wav,3-160119-A-150.wav,uav_db,no_drone,folder_name,val
data/processed/audio/no_drone/2-72677-A-183.wav,2-72677-A-183.wav,uav_db,no_drone,folder_name,val
data/processed/audio/no_drone/3-182710-B-354.wav,3-182710-B-354.wav,uav_db,no_drone,folder_name,val
data/processed/audio/drone/mixed_17-bebop_003_.wav,mixed_17-bebop_003_.wav,uav_db,drone,folder_name,val
data/processed/audio/drone/mixed_2-bebop_004_.wav,mixed_2-bebop_004_.wav,uav_db,drone,folder_name,val
data/processed/audio/no_drone/1-223162-A-253.wav,1-223162-A-253.wav,uav_db,no_drone,folder_name,val
data/processed/audio/drone/mixed_62-bebop_003_.wav,mixed_62-bebop_003_.wav,uav_db,drone,folder_name,val
data/processed/audio/drone/mixed_36-bebop_001_.wav,mixed_36-bebop_001_.wav,uav_db,drone,folder_name,val
data/processed/audio/drone/DJI_Neo_02.wav,DJI_Neo_02.wav,uav_db,drone,folder_name,val
data/processed/audio/no_drone/4-128659-A-331.wav,4-128659-A-331.wav,uav_db,no_drone,folder_name,val
data/processed/audio/no_drone/silence256.wav,silence256.wav,uav_db,no_drone,folder_name,val
data/processed/audio/drone/mixed_membo_45-membo_001_.wav,mixed_membo_45-membo_001_.wav,uav_db,drone,folder_name,val
data/processed/audio/no_drone/1-19840-A-362.wav,1-19840-A-362.wav,uav_db,no_drone,folder_name,val
data/processed/audio/no_drone/3-170383-A-380.wav,3-170383-A-380.wav,uav_db,no_drone,folder_name,val
data/processed/audio/drone/mixed_membo_36-membo_004_.wav,mixed_membo_36-membo_004_.wav,uav_db,drone,folder_name,val
data/processed/audio/no_drone/4-198841-A-373.wav,4-198841-A-373.wav,uav_db,no_drone,folder_name,val
data/processed/audio/drone/mixed_18-bebop_003_.wav,mixed_18-bebop_003_.wav,uav_db,drone,folder_name,val
data/processed/audio/drone/extra_membo_D2_2018.wav,extra_membo_D2_2018.wav,uav_db,drone,folder_name,val
data/processed/audio/no_drone/1-47819-C-51.wav,1-47819-C-51.wav,uav_db,no_drone,folder_name,val
data/processed/audio/no_drone/4-172143-A-130.wav,4-172143-A-130.wav,uav_db,no_drone,folder_name,val
data/processed/audio/no_drone/2-126433-A-173.wav,2-126433-A-173.wav,uav_db,no_drone,folder_name,val
data/processed/audio/no_drone/silence087.wav,silence087.wav,uav_db,no_drone,folder_name,val
data/processed/audio/drone/mixed_membo_40-membo_004_.wav,mixed_membo_40-membo_004_.wav,uav_db,drone,folder_name,val
data/processed/audio/no_drone/3-152007-C-200.wav,3-152007-C-200.wav,uav_db,no_drone,folder_name,val
data/processed/audio/no_drone/3-188726-A-353.wav,3-188726-A-353.wav,uav_db,no_drone,folder_name,val
data/processed/audio/drone/mixed_11-bebop_004_.wav,mixed_11-bebop_004_.wav,uav_db,drone,folder_name,val
data/processed/audio/drone/B_S2_D1_085-bebop_003_.wav,B_S2_D1_085-bebop_003_.wav,uav_db,drone,folder_name,val
data/processed/audio/no_drone/5-171118-A-260.wav,5-171118-A-260.wav,uav_db,no_drone,folder_name,val
data/processed/audio/drone/mixed_23-bebop_003_.wav,mixed_23-bebop_003_.wav,uav_db,drone,folder_name,val
data/processed/audio/drone/mixed_32-bebop_003_.wav,mixed_32-bebop_003_.wav,uav_db,drone,folder_name,val
data/processed/audio/drone/B_S2_D1_091-bebop_001_.wav,B_S2_D1_091-bebop_001_.wav,uav_db,drone,folder_name,val
data/processed/audio/no_drone/silence002.wav,silence002.wav,uav_db,no_drone,folder_name,val
data/processed/audio/no_drone/1-17808-B-120.wav,1-17808-B-120.wav,uav_db,no_drone,folder_name,val
data/processed/audio/no_drone/5-200461-B-114.wav,5-200461-B-114.wav,uav_db,no_drone,folder_name,val
data/processed/audio/no_drone/2-82274-B-54.wav,2-82274-B-54.wav,uav_db,no_drone,folder_name,val
data/processed/audio/no_drone/5-197118-A-452.wav,5-197118-A-452.wav,uav_db,no_drone,folder_name,val
data/processed/audio/drone/DJI_Avata_21.wav,DJI_Avata_21.wav,uav_db,drone,folder_name,val
data/processed/audio/drone/mixed_membo_0-membo_002_.wav,mixed_membo_0-membo_002_.wav,uav_db,drone,folder_name,val
data/processed/audio/no_drone/4-172742-A-321.wav,4-172742-A-321.wav,uav_db,no_drone,folder_name,val
data/processed/audio/no_drone/5-179866-A-432.wav,5-179866-A-432.wav,uav_db,no_drone,folder_name,val
data/processed/audio/no_drone/5-213077-A-112.wav,5-213077-A-112.wav,uav_db,no_drone,folder_name,val
data/processed/audio/drone/B_S2_D1_077-bebop_002_.wav,B_S2_D1_077-bebop_002_.wav,uav_db,drone,folder_name,val
data/processed/audio/no_drone/5-259169-A-52.wav,5-259169-A-52.wav,uav_db,no_drone,folder_name,val
data/processed/audio/no_drone/2-83688-A-340.wav,2-83688-A-340.wav,uav_db,no_drone,folder_name,val
data/processed/audio/drone/mixed_24-bebop_001_.wav,mixed_24-bebop_001_.wav,uav_db,drone,folder_name,val
data/processed/audio/no_drone/4-165813-A-191.wav,4-165813-A-191.wav,uav_db,no_drone,folder_name,val
data/processed/audio/no_drone/1-67432-A-271.wav,1-67432-A-271.wav,uav_db,no_drone,folder_name,val
data/processed/audio/drone/mixed_57-bebop_004_.wav,mixed_57-bebop_004_.wav,uav_db,drone,folder_name,val
data/processed/audio/no_drone/1-18631-A-231.wav,1-18631-A-231.wav,uav_db,no_drone,folder_name,val
data/processed/audio/drone/mixed_membo_16-membo_003_.wav,mixed_membo_16-membo_003_.wav,uav_db,drone,folder_name,val
data/processed/audio/no_drone/5-253094-A-490.wav,5-253094-A-490.wav,uav_db,no_drone,folder_name,val
data/processed/audio/no_drone/5-220939-A-270.wav,5-220939-A-270.wav,uav_db,no_drone,folder_name,val
data/processed/audio/no_drone/3-154957-A-14.wav,3-154957-A-14.wav,uav_db,no_drone,folder_name,val
data/processed/audio/drone/mixed_membo_13-membo_003_.wav,mixed_membo_13-membo_003_.wav,uav_db,drone,folder_name,val
data/processed/audio/drone/extra_membo_D2_2032.wav,extra_membo_D2_2032.wav,uav_db,drone,folder_name,val
data/processed/audio/drone/mixed_membo_2-membo_000_.wav,mixed_membo_2-membo_000_.wav,uav_db,drone,folder_name,val
data/processed/audio/drone/B_S2_D1_132-bebop_000_.wav,B_S2_D1_132-bebop_000_.wav,uav_db,drone,folder_name,val
data/processed/audio/drone/B_S2_D1_118-bebop_003_.wav,B_S2_D1_118-bebop_003_.wav,uav_db,drone,folder_name,val
data/processed/audio/drone/B_S2_D1_090-bebop_000_.wav,B_S2_D1_090-bebop_000_.wav,uav_db,drone,folder_name,val
data/processed/audio/drone/mixed_membo_37-membo_003_.wav,mixed_membo_37-membo_003_.wav,uav_db,drone,folder_name,val
data/processed/audio/no_drone/4-176631-A-432.wav,4-176631-A-432.wav,uav_db,no_drone,folder_name,val
data/processed/audio/no_drone/3-181278-A-221.wav,3-181278-A-221.wav,uav_db,no_drone,folder_name,val
data/processed/audio/drone/Membo_0_009-membo_003_.wav,Membo_0_009-membo_003_.wav,uav_db,drone,folder_name,val
data/processed/audio/drone/mixed_membo_58-membo_000_.wav,mixed_membo_58-membo_000_.wav,uav_db,drone,folder_name,val
data/processed/audio/no_drone/5-208030-A-01.wav,5-208030-A-01.wav,uav_db,no_drone,folder_name,val
data/processed/audio/no_drone/1-18527-A-443.wav,1-18527-A-443.wav,uav_db,no_drone,folder_name,val
data/processed/audio/no_drone/silence180.wav,silence180.wav,uav_db,no_drone,folder_name,val
data/processed/audio/no_drone/3-104761-A-71.wav,3-104761-A-71.wav,uav_db,no_drone,folder_name,val
data/processed/audio/drone/Membo_0_008-membo_003_.wav,Membo_0_008-membo_003_.wav,uav_db,drone,folder_name,val
data/processed/audio/drone/mixed_membo_43-membo_004_.wav,mixed_membo_43-membo_004_.wav,uav_db,drone,folder_name,val
data/processed/audio/no_drone/3-146964-A-53.wav,3-146964-A-53.wav,uav_db,no_drone,folder_name,val
data/processed/audio/drone/Membo_0_041-membo_001_.wav,Membo_0_041-membo_001_.wav,uav_db,drone,folder_name,val
data/processed/audio/no_drone/5-263831-A-64.wav,5-263831-A-64.wav,uav_db,no_drone,folder_name,val
data/processed/audio/no_drone/5-213855-A-00.wav,5-213855-A-00.wav,uav_db,no_drone,folder_name,val
data/processed/audio/no_drone/2-87794-A-243.wav,2-87794-A-243.wav,uav_db,no_drone,folder_name,val
data/processed/audio/no_drone/4-218199-B-350.wav,4-218199-B-350.wav,uav_db,no_drone,folder_name,val
data/processed/audio/drone/mixed_membo_64-membo_002_.wav,mixed_membo_64-membo_002_.wav,uav_db,drone,folder_name,val
data/processed/audio/drone/mixed_membo_49-membo_001_.wav,mixed_membo_49-membo_001_.wav,uav_db,drone,folder_name,val
data/processed/audio/drone/extra_membo_D2_2051.wav,extra_membo_D2_2051.wav,uav_db,drone,folder_name,val
data/processed/audio/no_drone/5-185579-B-410.wav,5-185579-B-410.wav,uav_db,no_drone,folder_name,val
data/processed/audio/drone/B_S2_D1_091-bebop_002_.wav,B_S2_D1_091-bebop_002_.wav,uav_db,drone,folder_name,val
data/processed/audio/no_drone/3-20861-A-83.wav,3-20861-A-83.wav,uav_db,no_drone,folder_name,val
data/processed/audio/drone/mixed_40-bebop_002_.wav,mixed_40-bebop_002_.wav,uav_db,drone,folder_name,val
data/processed/audio/drone/Membo_0_004-membo_002_.wav,Membo_0_004-membo_002_.wav,uav_db,drone,folder_name,val
data/processed/audio/drone/B_S2_D1_083-bebop_000_.wav,B_S2_D1_083-bebop_000_.wav,uav_db,drone,folder_name,val
data/processed/audio/no_drone/3-157695-A-02.wav,3-157695-A-02.wav,uav_db,no_drone,folder_name,val
data/processed/audio/no_drone/2-102414-C-173.wav,2-102414-C-173.wav,uav_db,no_drone,folder_name,val
data/processed/audio/drone/B_S2_D1_132-bebop_001_.wav,B_S2_D1_132-bebop_001_.wav,uav_db,drone,folder_name,val
data/processed/audio/drone/mixed_membo_36-membo_001_.wav,mixed_membo_36-membo_001_.wav,uav_db,drone,folder_name,val
data/processed/audio/drone/mixed_21-bebop_002_.wav,mixed_21-bebop_002_.wav,uav_db,drone,folder_name,val
data/processed/audio/no_drone/5-201664-A-184.wav,5-201664-A-184.wav,uav_db,no_drone,folder_name,val
data/processed/audio/drone/mixed_membo_53-membo_001_.wav,mixed_membo_53-membo_001_.wav,uav_db,drone,folder_name,val
data/processed/audio/no_drone/3-253084-D-24.wav,3-253084-D-24.wav,uav_db,no_drone,folder_name,val
data/processed/audio/drone/mixed_1-bebop_004_.wav,mixed_1-bebop_004_.wav,uav_db,drone,folder_name,val
data/processed/audio/no_drone/2-140841-A-302.wav,2-140841-A-302.wav,uav_db,no_drone,folder_name,val
data/processed/audio/drone/mixed_34-bebop_002_.wav,mixed_34-bebop_002_.wav,uav_db,drone,folder_name,val
data/processed/audio/no_drone/2-77347-A-460.wav,2-77347-A-460.wav,uav_db,no_drone,folder_name,val
data/processed/audio/no_drone/5-193473-A-120.wav,5-193473-A-120.wav,uav_db,no_drone,folder_name,val
data/processed/audio/no_drone/3-154439-A-174.wav,3-154439-A-174.wav,uav_db,no_drone,folder_name,val
data/processed/audio/no_drone/5-180156-C-433.wav,5-180156-C-433.wav,uav_db,no_drone,folder_name,val
data/processed/audio/drone/mixed_55-bebop_001_.wav,mixed_55-bebop_001_.wav,uav_db,drone,folder_name,val
data/processed/audio/drone/B_S2_D1_110-bebop_000_.wav,B_S2_D1_110-bebop_000_.wav,uav_db,drone,folder_name,val
data/processed/audio/no_drone/3-166422-A-113.wav,3-166422-A-113.wav,uav_db,no_drone,folder_name,val
data/processed/audio/drone/Membo_0_009-membo_004_.wav,Membo_0_009-membo_004_.wav,uav_db,drone,folder_name,val
data/processed/audio/drone/B_S2_D1_126-bebop_001_.wav,B_S2_D1_126-bebop_001_.wav,uav_db,drone,folder_name,val
data/processed/audio/drone/B_S2_D1_111-bebop_003_.wav,B_S2_D1_111-bebop_003_.wav,uav_db,drone,folder_name,val
data/processed/audio/no_drone/5-157204-A-161.wav,5-157204-A-161.wav,uav_db,no_drone,folder_name,val
data/processed/audio/no_drone/1-7974-B-490.wav,1-7974-B-490.wav,uav_db,no_drone,folder_name,val
data/processed/audio/drone/mixed_membo_46-membo_003_.wav,mixed_membo_46-membo_003_.wav,uav_db,drone,folder_name,val
data/processed/audio/drone/B_S2_D1_071-bebop_000_.wav,B_S2_D1_071-bebop_000_.wav,uav_db,drone,folder_name,val
data/processed/audio/no_drone/4-154405-A-274.wav,4-154405-A-274.wav,uav_db,no_drone,folder_name,val
data/processed/audio/no_drone/3-102583-B-491.wav,3-102583-B-491.wav,uav_db,no_drone,folder_name,val
data/processed/audio/drone/mixed_11-bebop_001_.wav,mixed_11-bebop_001_.wav,uav_db,drone,folder_name,val
data/processed/audio/no_drone/5-194899-D-34.wav,5-194899-D-34.wav,uav_db,no_drone,folder_name,val
data/processed/audio/no_drone/2-81112-A-342.wav,2-81112-A-342.wav,uav_db,no_drone,folder_name,val
data/processed/audio/no_drone/5-205090-A-324.wav,5-205090-A-324.wav,uav_db,no_drone,folder_name,val
data/processed/audio/no_drone/4-200330-B-62.wav,4-200330-B-62.wav,uav_db,no_drone,folder_name,val
data/processed/audio/no_drone/4-161303-B-51.wav,4-161303-B-51.wav,uav_db,no_drone,folder_name,val
data/processed/audio/no_drone/2-122066-A-450.wav,2-122066-A-450.wav,uav_db,no_drone,folder_name,val
data/processed/audio/drone/mixed_35-bebop_000_.wav,mixed_35-bebop_000_.wav,uav_db,drone,folder_name,val
data/processed/audio/drone/mixed_7-bebop_000_.wav,mixed_7-bebop_000_.wav,uav_db,drone,folder_name,val
data/processed/audio/no_drone/1-25777-A-480.wav,1-25777-A-480.wav,uav_db,no_drone,folder_name,val
data/processed/audio/no_drone/4-209698-A-374.wav,4-209698-A-374.wav,uav_db,no_drone,folder_name,val
data/processed/audio/drone/mixed_51-bebop_003_.wav,mixed_51-bebop_003_.wav,uav_db,drone,folder_name,val
data/processed/audio/no_drone/4-189832-A-222.wav,4-189832-A-222.wav,uav_db,no_drone,folder_name,val
data/processed/audio/no_drone/4-133047-C-54.wav,4-133047-C-54.wav,uav_db,no_drone,folder_name,val
data/processed/audio/drone/mixed_membo_16-membo_004_.wav,mixed_membo_16-membo_004_.wav,uav_db,drone,folder_name,val
data/processed/audio/drone/Membo_0_002-membo_002_.wav,Membo_0_002-membo_002_.wav,uav_db,drone,folder_name,val
data/processed/audio/no_drone/2-104105-B-191.wav,2-104105-B-191.wav,uav_db,no_drone,folder_name,val
data/processed/audio/no_drone/5-223099-B-323.wav,5-223099-B-323.wav,uav_db,no_drone,folder_name,val
data/processed/audio/no_drone/2-85434-A-271.wav,2-85434-A-271.wav,uav_db,no_drone,folder_name,val
data/processed/audio/drone/Membo_0_008-membo_000_.wav,Membo_0_008-membo_000_.wav,uav_db,drone,folder_name,val
data/processed/audio/no_drone/5-169983-A-51.wav,5-169983-A-51.wav,uav_db,no_drone,folder_name,val
data/processed/audio/no_drone/5-219342-A-381.wav,5-219342-A-381.wav,uav_db,no_drone,folder_name,val
data/processed/audio/drone/mixed_38-bebop_002_.wav,mixed_38-bebop_002_.wav,uav_db,drone,folder_name,val
data/processed/audio/drone/Membo_0_003-membo_000_.wav,Membo_0_003-membo_000_.wav,uav_db,drone,folder_name,val
data/processed/audio/no_drone/1-49409-A-80.wav,1-49409-A-80.wav,uav_db,no_drone,folder_name,val
data/processed/audio/no_drone/1-172649-F-403.wav,1-172649-F-403.wav,uav_db,no_drone,folder_name,val
data/processed/audio/drone/Membo_0_040-membo_002_.wav,Membo_0_040-membo_002_.wav,uav_db,drone,folder_name,val
data/processed/audio/drone/mixed_33-bebop_004_.wav,mixed_33-bebop_004_.wav,uav_db,drone,folder_name,val
data/processed/audio/drone/Membo_0_037-membo_000_.wav,Membo_0_037-membo_000_.wav,uav_db,drone,folder_name,val
data/processed/audio/drone/mixed_40-bebop_000_.wav,mixed_40-bebop_000_.wav,uav_db,drone,folder_name,val
data/processed/audio/no_drone/2-52789-A-44.wav,2-52789-A-44.wav,uav_db,no_drone,folder_name,val
data/processed/audio/no_drone/1-16746-A-151.wav,1-16746-A-151.wav,uav_db,no_drone,folder_name,val
data/processed/audio/no_drone/3-126391-B-274.wav,3-126391-B-274.wav,uav_db,no_drone,folder_name,val
data/processed/audio/drone/mixed_26-bebop_003_.wav,mixed_26-bebop_003_.wav,uav_db,drone,folder_name,val
data/processed/audio/no_drone/1-23094-A-151.wav,1-23094-A-151.wav,uav_db,no_drone,folder_name,val
data/processed/audio/no_drone/2-122763-A-294.wav,2-122763-A-294.wav,uav_db,no_drone,folder_name,val
data/processed/audio/drone/B_S2_D1_082-bebop_002_.wav,B_S2_D1_082-bebop_002_.wav,uav_db,drone,folder_name,val
data/processed/audio/no_drone/3-155766-A-130.wav,3-155766-A-130.wav,uav_db,no_drone,folder_name,val
data/processed/audio/no_drone/silence071.wav,silence071.wav,uav_db,no_drone,folder_name,val
data/processed/audio/drone/mixed_27-bebop_003_.wav,mixed_27-bebop_003_.wav,uav_db,drone,folder_name,val
data/processed/audio/drone/B_S2_D1_122-bebop_002_.wav,B_S2_D1_122-bebop_002_.wav,uav_db,drone,folder_name,val
data/processed/audio/drone/mixed_14-bebop_000_.wav,mixed_14-bebop_000_.wav,uav_db,drone,folder_name,val
data/processed/audio/no_drone/3-197435-B-220.wav,3-197435-B-220.wav,uav_db,no_drone,folder_name,val
data/processed/audio/drone/mixed_12-bebop_003_.wav,mixed_12-bebop_003_.wav,uav_db,drone,folder_name,val
data/processed/audio/no_drone/3-187549-A-64.wav,3-187549-A-64.wav,uav_db,no_drone,folder_name,val
data/processed/audio/no_drone/1-260640-B-23.wav,1-260640-B-23.wav,uav_db,no_drone,folder_name,val
data/processed/audio/drone/mixed_30-bebop_004_.wav,mixed_30-bebop_004_.wav,uav_db,drone,folder_name,val
data/processed/audio/drone/mixed_57-bebop_000_.wav,mixed_57-bebop_000_.wav,uav_db,drone,folder_name,val
data/processed/audio/drone/mixed_59-bebop_002_.wav,mixed_59-bebop_002_.wav,uav_db,drone,folder_name,val
data/processed/audio/drone/mixed_membo_66-membo_002_.wav,mixed_membo_66-membo_002_.wav,uav_db,drone,folder_name,val
data/processed/audio/drone/Membo_1_033-membo_003_.wav,Membo_1_033-membo_003_.wav,uav_db,drone,folder_name,val
data/processed/audio/drone/extra_membo_D2_2020.wav,extra_membo_D2_2020.wav,uav_db,drone,folder_name,val
data/processed/audio/no_drone/4-198025-A-230.wav,4-198025-A-230.wav,uav_db,no_drone,folder_name,val
data/processed/audio/drone/mixed_54-bebop_002_.wav,mixed_54-bebop_002_.wav,uav_db,drone,folder_name,val
data/processed/audio/no_drone/5-208810-A-112.wav,5-208810-A-112.wav,uav_db,no_drone,folder_name,val
data/processed/audio/no_drone/4-125071-A-194.wav,4-125071-A-194.wav,uav_db,no_drone,folder_name,val
data/processed/audio/no_drone/1-42139-A-381.wav,1-42139-A-381.wav,uav_db,no_drone,folder_name,val
data/processed/audio/no_drone/3-104958-A-122.wav,3-104958-A-122.wav,uav_db,no_drone,folder_name,val
data/processed/audio/drone/B_S2_D1_088-bebop_002_.wav,B_S2_D1_088-bebop_002_.wav,uav_db,drone,folder_name,val
data/processed/audio/no_drone/2-72547-B-141.wav,2-72547-B-141.wav,uav_db,no_drone,folder_name,val
data/processed/audio/drone/mixed_61-bebop_001_.wav,mixed_61-bebop_001_.wav,uav_db,drone,folder_name,val
data/processed/audio/drone/B_S2_D1_112-bebop_002_.wav,B_S2_D1_112-bebop_002_.wav,uav_db,drone,folder_name,val
data/processed/audio/no_drone/5-262957-A-220.wav,5-262957-A-220.wav,uav_db,no_drone,folder_name,val
data/processed/audio/no_drone/4-195305-A-313.wav,4-195305-A-313.wav,uav_db,no_drone,folder_name,val
data/processed/audio/no_drone/doing_the_dishes007.wav,doing_the_dishes007.wav,uav_db,no_drone,folder_name,val
data/processed/audio/drone/B_S2_D1_099-bebop_000_.wav,B_S2_D1_099-bebop_000_.wav,uav_db,drone,folder_name,val
data/processed/audio/no_drone/1-77160-A-31.wav,1-77160-A-31.wav,uav_db,no_drone,folder_name,val
data/processed/audio/no_drone/4-133047-C-50.wav,4-133047-C-50.wav,uav_db,no_drone,folder_name,val
data/processed/audio/drone/mixed_membo_15-membo_002_.wav,mixed_membo_15-membo_002_.wav,uav_db,drone,folder_name,val
data/processed/audio/no_drone/3-152039-A-33.wav,3-152039-A-33.wav,uav_db,no_drone,folder_name,val
data/processed/audio/drone/Membo_0_014-membo_001_.wav,Membo_0_014-membo_001_.wav,uav_db,drone,folder_name,val
data/processed/audio/no_drone/2-100786-A-13.wav,2-100786-A-13.wav,uav_db,no_drone,folder_name,val
data/processed/audio/no_drone/3-138114-A-222.wav,3-138114-A-222.wav,uav_db,no_drone,folder_name,val
data/processed/audio/drone/mixed_27-bebop_001_.wav,mixed_27-bebop_001_.wav,uav_db,drone,folder_name,val
data/processed/audio/drone/Membo_0_013-membo_000_.wav,Membo_0_013-membo_000_.wav,uav_db,drone,folder_name,val
data/processed/audio/drone/mixed_membo_17-membo_000_.wav,mixed_membo_17-membo_000_.wav,uav_db,drone,folder_name,val
data/processed/audio/no_drone/2-72547-D-144.wav,2-72547-D-144.wav,uav_db,no_drone,folder_name,val
data/processed/audio/no_drone/1-101404-A-340.wav,1-101404-A-340.wav,uav_db,no_drone,folder_name,val
data/processed/audio/drone/Membo_1_045-membo_004_.wav,Membo_1_045-membo_004_.wav,uav_db,drone,folder_name,val
data/processed/audio/no_drone/1-96950-A-93.wav,1-96950-A-93.wav,uav_db,no_drone,folder_name,val
data/processed/audio/drone/mixed_41-bebop_004_.wav,mixed_41-bebop_004_.wav,uav_db,drone,folder_name,val
data/processed/audio/no_drone/3-155584-A-141.wav,3-155584-A-141.wav,uav_db,no_drone,folder_name,val
data/processed/audio/no_drone/2-120333-A-323.wav,2-120333-A-323.wav,uav_db,no_drone,folder_name,val
data/processed/audio/drone/mixed_28-bebop_004_.wav,mixed_28-bebop_004_.wav,uav_db,drone,folder_name,val
data/processed/audio/no_drone/5-177034-A-184.wav,5-177034-A-184.wav,uav_db,no_drone,folder_name,val
data/processed/audio/drone/mixed_membo_44-membo_001_.wav,mixed_membo_44-membo_001_.wav,uav_db,drone,folder_name,val
data/processed/audio/drone/B_S2_D1_076-bebop_002_.wav,B_S2_D1_076-bebop_002_.wav,uav_db,drone,folder_name,val
data/processed/audio/no_drone/5-194930-A-10.wav,5-194930-A-10.wav,uav_db,no_drone,folder_name,val
data/processed/audio/no_drone/1-202111-A-33.wav,1-202111-A-33.wav,uav_db,no_drone,folder_name,val
data/processed/audio/drone/B_S2_D1_098-bebop_004_.wav,B_S2_D1_098-bebop_004_.wav,uav_db,drone,folder_name,val
data/processed/audio/drone/mixed_29-bebop_000_.wav,mixed_29-bebop_000_.wav,uav_db,drone,folder_name,val
data/processed/audio/no_drone/3-193767-A-471.wav,3-193767-A-471.wav,uav_db,no_drone,folder_name,val
data/processed/audio/no_drone/3-160993-A-33.wav,3-160993-A-33.wav,uav_db,no_drone,folder_name,val
data/processed/audio/no_drone/2-66637-B-202.wav,2-66637-B-202.wav,uav_db,no_drone,folder_name,val
data/processed/audio/drone/mixed_47-bebop_004_.wav,mixed_47-bebop_004_.wav,uav_db,drone,folder_name,val
data/processed/audio/no_drone/3-146972-A-50.wav,3-146972-A-50.wav,uav_db,no_drone,folder_name,val
data/processed/audio/drone/mixed_34-bebop_001_.wav,mixed_34-bebop_001_.wav,uav_db,drone,folder_name,val
data/processed/audio/drone/mixed_17-bebop_002_.wav,mixed_17-bebop_002_.wav,uav_db,drone,folder_name,val
data/processed/audio/no_drone/5-217158-A-04.wav,5-217158-A-04.wav,uav_db,no_drone,folder_name,val
data/processed/audio/no_drone/5-201172-A-460.wav,5-201172-A-460.wav,uav_db,no_drone,folder_name,val
data/processed/audio/drone/mixed_membo_1-membo_003_.wav,mixed_membo_1-membo_003_.wav,uav_db,drone,folder_name,val
data/processed/audio/no_drone/3-107123-A-263.wav,3-107123-A-263.wav,uav_db,no_drone,folder_name,val
data/processed/audio/no_drone/1-21421-A-462.wav,1-21421-A-462.wav,uav_db,no_drone,folder_name,val
data/processed/audio/drone/mixed_membo_41-membo_000_.wav,mixed_membo_41-membo_000_.wav,uav_db,drone,folder_name,val
data/processed/audio/no_drone/4-189830-A-223.wav,4-189830-A-223.wav,uav_db,no_drone,folder_name,val
data/processed/audio/drone/mixed_34-bebop_004_.wav,mixed_34-bebop_004_.wav,uav_db,drone,folder_name,val
data/processed/audio/drone/mixed_membo_12-membo_001_.wav,mixed_membo_12-membo_001_.wav,uav_db,drone,folder_name,val
data/processed/audio/no_drone/1-100032-A-03.wav,1-100032-A-03.wav,uav_db,no_drone,folder_name,val
data/processed/audio/no_drone/5-215658-B-121.wav,5-215658-B-121.wav,uav_db,no_drone,folder_name,val
data/processed/audio/drone/mixed_52-bebop_002_.wav,mixed_52-bebop_002_.wav,uav_db,drone,folder_name,val
data/processed/audio/drone/mixed_43-bebop_004_.wav,mixed_43-bebop_004_.wav,uav_db,drone,folder_name,val
data/processed/audio/drone/mixed_46-bebop_002_.wav,mixed_46-bebop_002_.wav,uav_db,drone,folder_name,val
data/processed/audio/drone/B_S2_D1_068-bebop_004_.wav,B_S2_D1_068-bebop_004_.wav,uav_db,drone,folder_name,val
data/processed/audio/drone/B_S2_D1_076-bebop_000_.wav,B_S2_D1_076-bebop_000_.wav,uav_db,drone,folder_name,val
data/processed/audio/no_drone/3-132601-A-242.wav,3-132601-A-242.wav,uav_db,no_drone,folder_name,val
data/processed/audio/drone/extra_membo_D2_2008.wav,extra_membo_D2_2008.wav,uav_db,drone,folder_name,val
data/processed/audio/drone/Membo_2_028-membo_000_.wav,Membo_2_028-membo_000_.wav,uav_db,drone,folder_name,val
data/processed/audio/drone/mixed_52-bebop_004_.wav,mixed_52-bebop_004_.wav,uav_db,drone,folder_name,val
data/processed/audio/drone/B_S2_D1_084-bebop_000_.wav,B_S2_D1_084-bebop_000_.wav,uav_db,drone,folder_name,val
data/processed/audio/drone/mixed_membo_19-membo_004_.wav,mixed_membo_19-membo_004_.wav,uav_db,drone,folder_name,val
data/processed/audio/no_drone/5-209833-A-384.wav,5-209833-A-384.wav,uav_db,no_drone,folder_name,val
data/processed/audio/drone/extra_membo_D2_2046.wav,extra_membo_D2_2046.wav,uav_db,drone,folder_name,val
data/processed/audio/drone/mixed_membo_21-membo_003_.wav,mixed_membo_21-membo_003_.wav,uav_db,drone,folder_name,val
data/processed/audio/drone/mixed_membo_5-membo_002_.wav,mixed_membo_5-membo_002_.wav,uav_db,drone,folder_name,val
data/processed/audio/drone/Membo_2_017-membo_001_.wav,Membo_2_017-membo_001_.wav,uav_db,drone,folder_name,val
data/processed/audio/no_drone/2-209475-A-250.wav,2-209475-A-250.wav,uav_db,no_drone,folder_name,val
data/processed/audio/no_drone/1-17808-A-120.wav,1-17808-A-120.wav,uav_db,no_drone,folder_name,val
data/processed/audio/drone/B_S2_D1_071-bebop_002_.wav,B_S2_D1_071-bebop_002_.wav,uav_db,drone,folder_name,val
data/processed/audio/no_drone/3-144692-A-212.wav,3-144692-A-212.wav,uav_db,no_drone,folder_name,val
data/processed/audio/drone/Membo_2_011-membo_001_.wav,Membo_2_011-membo_001_.wav,uav_db,drone,folder_name,val
data/processed/audio/no_drone/5-215658-A-120.wav,5-215658-A-120.wav,uav_db,no_drone,folder_name,val
data/processed/audio/no_drone/1-260640-A-23.wav,1-260640-A-23.wav,uav_db,no_drone,folder_name,val
data/processed/audio/no_drone/4-147658-A-462.wav,4-147658-A-462.wav,uav_db,no_drone,folder_name,val
data/processed/audio/no_drone/1-67152-A-172.wav,1-67152-A-172.wav,uav_db,no_drone,folder_name,val
data/processed/audio/no_drone/4-155650-A-242.wav,4-155650-A-242.wav,uav_db,no_drone,folder_name,val
data/processed/audio/drone/mixed_0-bebop_001_.wav,mixed_0-bebop_001_.wav,uav_db,drone,folder_name,val
data/processed/audio/no_drone/4-172500-B-273.wav,4-172500-B-273.wav,uav_db,no_drone,folder_name,val
data/processed/audio/drone/mixed_membo_27-membo_004_.wav,mixed_membo_27-membo_004_.wav,uav_db,drone,folder_name,val
data/processed/audio/drone/DJI_Phantom4_41.wav,DJI_Phantom4_41.wav,uav_db,drone,folder_name,val
data/processed/audio/drone/mixed_membo_61-membo_003_.wav,mixed_membo_61-membo_003_.wav,uav_db,drone,folder_name,val
data/processed/audio/drone/B_S2_D1_073-bebop_004_.wav,B_S2_D1_073-bebop_004_.wav,uav_db,drone,folder_name,val
data/processed/audio/drone/Membo_0_000-membo_003_.wav,Membo_0_000-membo_003_.wav,uav_db,drone,folder_name,val
data/processed/audio/drone/mixed_membo_26-membo_001_.wav,mixed_membo_26-membo_001_.wav,uav_db,drone,folder_name,val
data/processed/audio/no_drone/5-263902-A-360.wav,5-263902-A-360.wav,uav_db,no_drone,folder_name,val
data/processed/audio/drone/mixed_membo_46-membo_004_.wav,mixed_membo_46-membo_004_.wav,uav_db,drone,folder_name,val
data/processed/audio/no_drone/3-145577-A-430.wav,3-145577-A-430.wav,uav_db,no_drone,folder_name,val
data/processed/audio/no_drone/3-136288-A-02.wav,3-136288-A-02.wav,uav_db,no_drone,folder_name,val
data/processed/audio/no_drone/silence257.wav,silence257.wav,uav_db,no_drone,folder_name,val
data/processed/audio/drone/B_S2_D1_127-bebop_002_.wav,B_S2_D1_127-bebop_002_.wav,uav_db,drone,folder_name,val
data/processed/audio/no_drone/1-100032-A-00.wav,1-100032-A-00.wav,uav_db,no_drone,folder_name,val
data/processed/audio/drone/mixed_membo_45-membo_002_.wav,mixed_membo_45-membo_002_.wav,uav_db,drone,folder_name,val
data/processed/audio/drone/mixed_11-bebop_003_.wav,mixed_11-bebop_003_.wav,uav_db,drone,folder_name,val
data/processed/audio/no_drone/3-118069-B-273.wav,3-118069-B-273.wav,uav_db,no_drone,folder_name,val
data/processed/audio/no_drone/1-17970-A-41.wav,1-17970-A-41.wav,uav_db,no_drone,folder_name,val
data/processed/audio/drone/Membo_0_017-membo_004_.wav,Membo_0_017-membo_004_.wav,uav_db,drone,folder_name,val
data/processed/audio/drone/B_S2_D1_128-bebop_003_.wav,B_S2_D1_128-bebop_003_.wav,uav_db,drone,folder_name,val
data/processed/audio/drone/mixed_membo_12-membo_003_.wav,mixed_membo_12-membo_003_.wav,uav_db,drone,folder_name,val
data/processed/audio/drone/mixed_membo_44-membo_002_.wav,mixed_membo_44-membo_002_.wav,uav_db,drone,folder_name,val
data/processed/audio/drone/mixed_membo_42-membo_000_.wav,mixed_membo_42-membo_000_.wav,uav_db,drone,folder_name,val
data/processed/audio/drone/mixed_membo_43-membo_001_.wav,mixed_membo_43-membo_001_.wav,uav_db,drone,folder_name,val
data/processed/audio/drone/Membo_1_034-membo_004_.wav,Membo_1_034-membo_004_.wav,uav_db,drone,folder_name,val
data/processed/audio/no_drone/1-46272-A-122.wav,1-46272-A-122.wav,uav_db,no_drone,folder_name,val
data/processed/audio/drone/extra_membo_D2_2037.wav,extra_membo_D2_2037.wav,uav_db,drone,folder_name,val
data/processed/audio/no_drone/3-197408-A-81.wav,3-197408-A-81.wav,uav_db,no_drone,folder_name,val
data/processed/audio/no_drone/2-110614-B-84.wav,2-110614-B-84.wav,uav_db,no_drone,folder_name,val
data/processed/audio/no_drone/5-251971-A-470.wav,5-251971-A-470.wav,uav_db,no_drone,folder_name,val
data/processed/audio/no_drone/2-109505-A-212.wav,2-109505-A-212.wav,uav_db,no_drone,folder_name,val
data/processed/audio/no_drone/4-181955-B-31.wav,4-181955-B-31.wav,uav_db,no_drone,folder_name,val
data/processed/audio/drone/B_S2_D1_081-bebop_001_.wav,B_S2_D1_081-bebop_001_.wav,uav_db,drone,folder_name,val
data/processed/audio/drone/mixed_membo_23-membo_001_.wav,mixed_membo_23-membo_001_.wav,uav_db,drone,folder_name,val
data/processed/audio/drone/Membo_0_009-membo_000_.wav,Membo_0_009-membo_000_.wav,uav_db,drone,folder_name,val
data/processed/audio/drone/B_S2_D1_132-bebop_003_.wav,B_S2_D1_132-bebop_003_.wav,uav_db,drone,folder_name,val
data/processed/audio/no_drone/3-144891-A-192.wav,3-144891-A-192.wav,uav_db,no_drone,folder_name,val
data/processed/audio/no_drone/5-194899-D-32.wav,5-194899-D-32.wav,uav_db,no_drone,folder_name,val
data/processed/audio/no_drone/4-205526-B-233.wav,4-205526-B-233.wav,uav_db,no_drone,folder_name,val
data/processed/audio/no_drone/1-37226-A-292.wav,1-37226-A-292.wav,uav_db,no_drone,folder_name,val
data/processed/audio/no_drone/1-17565-A-120.wav,1-17565-A-120.wav,uav_db,no_drone,folder_name,val
data/processed/audio/no_drone/2-118072-A-03.wav,2-118072-A-03.wav,uav_db,no_drone,folder_name,val
data/processed/audio/no_drone/silence276.wav,silence276.wav,uav_db,no_drone,folder_name,val
data/processed/audio/drone/B_S2_D1_127-bebop_004_.wav,B_S2_D1_127-bebop_004_.wav,uav_db,drone,folder_name,val
data/processed/audio/drone/mixed_60-bebop_004_.wav,mixed_60-bebop_004_.wav,uav_db,drone,folder_name,val
data/processed/audio/no_drone/3-182025-A-300.wav,3-182025-A-300.wav,uav_db,no_drone,folder_name,val
data/processed/audio/drone/mixed_membo_13-membo_001_.wav,mixed_membo_13-membo_001_.wav,uav_db,drone,folder_name,val
data/processed/audio/drone/B_S2_D1_074-bebop_004_.wav,B_S2_D1_074-bebop_004_.wav,uav_db,drone,folder_name,val
data/processed/audio/no_drone/4-189332-A-371.wav,4-189332-A-371.wav,uav_db,no_drone,folder_name,val
data/processed/audio/no_drone/1-85123-A-313.wav,1-85123-A-313.wav,uav_db,no_drone,folder_name,val
data/processed/audio/drone/mixed_59-bebop_001_.wav,mixed_59-bebop_001_.wav,uav_db,drone,folder_name,val
data/processed/audio/drone/DJI_Matrice200_v2_29.wav,DJI_Matrice200_v2_29.wav,uav_db,drone,folder_name,val
data/processed/audio/drone/mixed_membo_44-membo_003_.wav,mixed_membo_44-membo_003_.wav,uav_db,drone,folder_name,val
data/processed/audio/no_drone/5-212181-A-382.wav,5-212181-A-382.wav,uav_db,no_drone,folder_name,val
data/processed/audio/drone/Membo_2_018-membo_001_.wav,Membo_2_018-membo_001_.wav,uav_db,drone,folder_name,val
data/processed/audio/drone/extra_membo_D2_2025.wav,extra_membo_D2_2025.wav,uav_db,drone,folder_name,val
data/processed/audio/no_drone/3-51909-A-421.wav,3-51909-A-421.wav,uav_db,no_drone,folder_name,val
data/processed/audio/no_drone/4-218304-A-251.wav,4-218304-A-251.wav,uav_db,no_drone,folder_name,val
data/processed/audio/drone/Swellpro_Splash3_plus_100.wav,Swellpro_Splash3_plus_100.wav,uav_db,drone,folder_name,val
data/processed/audio/drone/B_S2_D1_126-bebop_004_.wav,B_S2_D1_126-bebop_004_.wav,uav_db,drone,folder_name,val
data/processed/audio/no_drone/1-54084-A-420.wav,1-54084-A-420.wav,uav_db,no_drone,folder_name,val
data/processed/audio/drone/Holystone_HS210_98.wav,Holystone_HS210_98.wav,uav_db,drone,folder_name,val
data/processed/audio/drone/B_S2_D1_105-bebop_004_.wav,B_S2_D1_105-bebop_004_.wav,uav_db,drone,folder_name,val
data/processed/audio/drone/mixed_33-bebop_001_.wav,mixed_33-bebop_001_.wav,uav_db,drone,folder_name,val
data/processed/audio/no_drone/silence217.wav,silence217.wav,uav_db,no_drone,folder_name,val
data/processed/audio/no_drone/5-233312-A-284.wav,5-233312-A-284.wav,uav_db,no_drone,folder_name,val
data/processed/audio/no_drone/2-54961-A-233.wav,2-54961-A-233.wav,uav_db,no_drone,folder_name,val
data/processed/audio/no_drone/1-172649-F-404.wav,1-172649-F-404.wav,uav_db,no_drone,folder_name,val
data/processed/audio/no_drone/1-21896-A-354.wav,1-21896-A-354.wav,uav_db,no_drone,folder_name,val
data/processed/audio/drone/mixed_membo_66-membo_004_.wav,mixed_membo_66-membo_004_.wav,uav_db,drone,folder_name,val
data/processed/audio/drone/mixed_10-bebop_003_.wav,mixed_10-bebop_003_.wav,uav_db,drone,folder_name,val
data/processed/audio/drone/B_S2_D1_122-bebop_003_.wav,B_S2_D1_122-bebop_003_.wav,uav_db,drone,folder_name,val
data/processed/audio/no_drone/2-82071-A-272.wav,2-82071-A-272.wav,uav_db,no_drone,folder_name,val
data/processed/audio/drone/mixed_0-bebop_004_.wav,mixed_0-bebop_004_.wav,uav_db,drone,folder_name,val
data/processed/audio/no_drone/5-194930-A-11.wav,5-194930-A-11.wav,uav_db,no_drone,folder_name,val
data/processed/audio/drone/mixed_30-bebop_000_.wav,mixed_30-bebop_000_.wav,uav_db,drone,folder_name,val
data/processed/audio/no_drone/3-51731-B-421.wav,3-51731-B-421.wav,uav_db,no_drone,folder_name,val
data/processed/audio/no_drone/4-189838-A-223.wav,4-189838-A-223.wav,uav_db,no_drone,folder_name,val
data/processed/audio/drone/B_S2_D1_101-bebop_002_.wav,B_S2_D1_101-bebop_002_.wav,uav_db,drone,folder_name,val
data/processed/audio/drone/mixed_membo_44-membo_000_.wav,mixed_membo_44-membo_000_.wav,uav_db,drone,folder_name,val
data/processed/audio/no_drone/3-161500-A-174.wav,3-161500-A-174.wav,uav_db,no_drone,folder_name,val
data/processed/audio/no_drone/2-57191-A-463.wav,2-57191-A-463.wav,uav_db,no_drone,folder_name,val
data/processed/audio/drone/B_S2_D1_104-bebop_002_.wav,B_S2_D1_104-bebop_002_.wav,uav_db,drone,folder_name,val
data/processed/audio/no_drone/2-32515-A-42.wav,2-32515-A-42.wav,uav_db,no_drone,folder_name,val
data/processed/audio/no_drone/1-49409-A-83.wav,1-49409-A-83.wav,uav_db,no_drone,folder_name,val
data/processed/audio/drone/mixed_membo_18-membo_001_.wav,mixed_membo_18-membo_001_.wav,uav_db,drone,folder_name,val
data/processed/audio/no_drone/5-215005-A-324.wav,5-215005-A-324.wav,uav_db,no_drone,folder_name,val
data/processed/audio/no_drone/3-170383-A-384.wav,3-170383-A-384.wav,uav_db,no_drone,folder_name,val
data/processed/audio/drone/mixed_14-bebop_003_.wav,mixed_14-bebop_003_.wav,uav_db,drone,folder_name,val
data/processed/audio/drone/Membo_1_029-membo_002_.wav,Membo_1_029-membo_002_.wav,uav_db,drone,folder_name,val
data/processed/audio/no_drone/1-53663-A-240.wav,1-53663-A-240.wav,uav_db,no_drone,folder_name,val
data/processed/audio/no_drone/3-151269-A-354.wav,3-151269-A-354.wav,uav_db,no_drone,folder_name,val
data/processed/audio/drone/mixed_48-bebop_000_.wav,mixed_48-bebop_000_.wav,uav_db,drone,folder_name,val
data/processed/audio/no_drone/3-125548-A-324.wav,3-125548-A-324.wav,uav_db,no_drone,folder_name,val
data/processed/audio/no_drone/3-197435-B-223.wav,3-197435-B-223.wav,uav_db,no_drone,folder_name,val
data/processed/audio/drone/Syma_X26_11.wav,Syma_X26_11.wav,uav_db,drone,folder_name,val
data/processed/audio/no_drone/1-17367-A-101.wav,1-17367-A-101.wav,uav_db,no_drone,folder_name,val
data/processed/audio/drone/mixed_membo_55-membo_001_.wav,mixed_membo_55-membo_001_.wav,uav_db,drone,folder_name,val
data/processed/audio/no_drone/5-194930-A-12.wav,5-194930-A-12.wav,uav_db,no_drone,folder_name,val
data/processed/audio/drone/mixed_33-bebop_000_.wav,mixed_33-bebop_000_.wav,uav_db,drone,folder_name,val
data/processed/audio/no_drone/4-128659-A-334.wav,4-128659-A-334.wav,uav_db,no_drone,folder_name,val
data/processed/audio/no_drone/1-172649-E-400.wav,1-172649-E-400.wav,uav_db,no_drone,folder_name,val
data/processed/audio/drone/Membo_0_011-membo_003_.wav,Membo_0_011-membo_003_.wav,uav_db,drone,folder_name,val
data/processed/audio/drone/mixed_12-bebop_004_.wav,mixed_12-bebop_004_.wav,uav_db,drone,folder_name,val
data/processed/audio/no_drone/4-197871-A-154.wav,4-197871-A-154.wav,uav_db,no_drone,folder_name,val
data/processed/audio/no_drone/5-263831-A-60.wav,5-263831-A-60.wav,uav_db,no_drone,folder_name,val
data/processed/audio/drone/Membo_0_036-membo_001_.wav,Membo_0_036-membo_001_.wav,uav_db,drone,folder_name,val
data/processed/audio/no_drone/3-155584-A-140.wav,3-155584-A-140.wav,uav_db,no_drone,folder_name,val
data/processed/audio/no_drone/2-72677-A-181.wav,2-72677-A-181.wav,uav_db,no_drone,folder_name,val
data/processed/audio/drone/B_S2_D1_076-bebop_003_.wav,B_S2_D1_076-bebop_003_.wav,uav_db,drone,folder_name,val
data/processed/audio/drone/Membo_2_028-membo_001_.wav,Membo_2_028-membo_001_.wav,uav_db,drone,folder_name,val
data/processed/audio/drone/mixed_membo_3-membo_004_.wav,mixed_membo_3-membo_004_.wav,uav_db,drone,folder_name,val
data/processed/audio/no_drone/4-210000-B-230.wav,4-210000-B-230.wav,uav_db,no_drone,folder_name,val
data/processed/audio/drone/B_S2_D1_101-bebop_004_.wav,B_S2_D1_101-bebop_004_.wav,uav_db,drone,folder_name,val
data/processed/audio/no_drone/2-106486-A-443.wav,2-106486-A-443.wav,uav_db,no_drone,folder_name,val
data/processed/audio/drone/mixed_membo_24-membo_003_.wav,mixed_membo_24-membo_003_.wav,uav_db,drone,folder_name,val
data/processed/audio/drone/Membo_0_003-membo_002_.wav,Membo_0_003-membo_002_.wav,uav_db,drone,folder_name,val
data/processed/audio/no_drone/5-257839-A-142.wav,5-257839-A-142.wav,uav_db,no_drone,folder_name,val
data/processed/audio/drone/mixed_3-bebop_000_.wav,mixed_3-bebop_000_.wav,uav_db,drone,folder_name,val
data/processed/audio/no_drone/5-214759-A-54.wav,5-214759-A-54.wav,uav_db,no_drone,folder_name,val
data/processed/audio/drone/mixed_15-bebop_001_.wav,mixed_15-bebop_001_.wav,uav_db,drone,folder_name,val
data/processed/audio/drone/mixed_membo_39-membo_001_.wav,mixed_membo_39-membo_001_.wav,uav_db,drone,folder_name,val
data/processed/audio/drone/mixed_membo_65-membo_002_.wav,mixed_membo_65-membo_002_.wav,uav_db,drone,folder_name,val
data/processed/audio/no_drone/1-181071-B-402.wav,1-181071-B-402.wav,uav_db,no_drone,folder_name,val
data/processed/audio/no_drone/5-141683-A-351.wav,5-141683-A-351.wav,uav_db,no_drone,folder_name,val
data/processed/audio/drone/mixed_membo_52-membo_004_.wav,mixed_membo_52-membo_004_.wav,uav_db,drone,folder_name,val
data/processed/audio/drone/Membo_0_017-membo_002_.wav,Membo_0_017-membo_002_.wav,uav_db,drone,folder_name,val
data/processed/audio/drone/mixed_membo_22-membo_004_.wav,mixed_membo_22-membo_004_.wav,uav_db,drone,folder_name,val
data/processed/audio/drone/mixed_membo_5-membo_004_.wav,mixed_membo_5-membo_004_.wav,uav_db,drone,folder_name,val
data/processed/audio/drone/mixed_15-bebop_000_.wav,mixed_15-bebop_000_.wav,uav_db,drone,folder_name,val
data/processed/audio/drone/mixed_membo_31-membo_004_.wav,mixed_membo_31-membo_004_.wav,uav_db,drone,folder_name,test
data/processed/audio/drone/DJI_Matrice_200_38.wav,DJI_Matrice_200_38.wav,uav_db,drone,folder_name,test
data/processed/audio/no_drone/3-129338-A-132.wav,3-129338-A-132.wav,uav_db,no_drone,folder_name,test
data/processed/audio/no_drone/4-182368-A-120.wav,4-182368-A-120.wav,uav_db,no_drone,folder_name,test
data/processed/audio/no_drone/1-46938-B-72.wav,1-46938-B-72.wav,uav_db,no_drone,folder_name,test
data/processed/audio/no_drone/2-117617-A-484.wav,2-117617-A-484.wav,uav_db,no_drone,folder_name,test
data/processed/audio/drone/mixed_membo_62-membo_004_.wav,mixed_membo_62-membo_004_.wav,uav_db,drone,folder_name,test
data/processed/audio/no_drone/3-152020-A-361.wav,3-152020-A-361.wav,uav_db,no_drone,folder_name,test
data/processed/audio/drone/mixed_26-bebop_001_.wav,mixed_26-bebop_001_.wav,uav_db,drone,folder_name,test
data/processed/audio/no_drone/3-100018-A-182.wav,3-100018-A-182.wav,uav_db,no_drone,folder_name,test
data/processed/audio/drone/mixed_32-bebop_000_.wav,mixed_32-bebop_000_.wav,uav_db,drone,folder_name,test
data/processed/audio/no_drone/4-183882-B-281.wav,4-183882-B-281.wav,uav_db,no_drone,folder_name,test
data/processed/audio/no_drone/5-200461-B-111.wav,5-200461-B-111.wav,uav_db,no_drone,folder_name,test
data/processed/audio/drone/B_S2_D1_077-bebop_004_.wav,B_S2_D1_077-bebop_004_.wav,uav_db,drone,folder_name,test
data/processed/audio/no_drone/2-81970-C-73.wav,2-81970-C-73.wav,uav_db,no_drone,folder_name,test
data/processed/audio/drone/mixed_60-bebop_001_.wav,mixed_60-bebop_001_.wav,uav_db,drone,folder_name,test
data/processed/audio/drone/DJI_Phantom2_57.wav,DJI_Phantom2_57.wav,uav_db,drone,folder_name,test
data/processed/audio/no_drone/2-173618-A-391.wav,2-173618-A-391.wav,uav_db,no_drone,folder_name,test
data/processed/audio/no_drone/5-251962-A-472.wav,5-251962-A-472.wav,uav_db,no_drone,folder_name,test
data/processed/audio/drone/mixed_18-bebop_002_.wav,mixed_18-bebop_002_.wav,uav_db,drone,folder_name,test
data/processed/audio/drone/mixed_3-bebop_002_.wav,mixed_3-bebop_002_.wav,uav_db,drone,folder_name,test
data/processed/audio/drone/B_S2_D1_104-bebop_003_.wav,B_S2_D1_104-bebop_003_.wav,uav_db,drone,folder_name,test
data/processed/audio/drone/mixed_3-bebop_001_.wav,mixed_3-bebop_001_.wav,uav_db,drone,folder_name,test
data/processed/audio/drone/Membo_2_011-membo_004_.wav,Membo_2_011-membo_004_.wav,uav_db,drone,folder_name,test
data/processed/audio/drone/Membo_0_001-membo_000_.wav,Membo_0_001-membo_000_.wav,uav_db,drone,folder_name,test
data/processed/audio/no_drone/2-117271-A-04.wav,2-117271-A-04.wav,uav_db,no_drone,folder_name,test
data/processed/audio/drone/mixed_membo_41-membo_001_.wav,mixed_membo_41-membo_001_.wav,uav_db,drone,folder_name,test
data/processed/audio/drone/B_S2_D1_086-bebop_004_.wav,B_S2_D1_086-bebop_004_.wav,uav_db,drone,folder_name,test
data/processed/audio/no_drone/2-166644-A-24.wav,2-166644-A-24.wav,uav_db,no_drone,folder_name,test
data/processed/audio/no_drone/1-17092-B-273.wav,1-17092-B-273.wav,uav_db,no_drone,folder_name,test
data/processed/audio/no_drone/5-214759-B-54.wav,5-214759-B-54.wav,uav_db,no_drone,folder_name,test
data/processed/audio/drone/mixed_44-bebop_002_.wav,mixed_44-bebop_002_.wav,uav_db,drone,folder_name,test
data/processed/audio/no_drone/5-200461-A-111.wav,5-200461-A-111.wav,uav_db,no_drone,folder_name,test
data/processed/audio/no_drone/5-198891-B-81.wav,5-198891-B-81.wav,uav_db,no_drone,folder_name,test
data/processed/audio/no_drone/1-45645-A-311.wav,1-45645-A-311.wav,uav_db,no_drone,folder_name,test
data/processed/audio/no_drone/5-51149-A-254.wav,5-51149-A-254.wav,uav_db,no_drone,folder_name,test
data/processed/audio/drone/B_S2_D1_107-bebop_004_.wav,B_S2_D1_107-bebop_004_.wav,uav_db,drone,folder_name,test
data/processed/audio/no_drone/silence070.wav,silence070.wav,uav_db,no_drone,folder_name,test
data/processed/audio/no_drone/5-234263-A-253.wav,5-234263-A-253.wav,uav_db,no_drone,folder_name,test
data/processed/audio/no_drone/5-213836-A-93.wav,5-213836-A-93.wav,uav_db,no_drone,folder_name,test
data/processed/audio/no_drone/1-46938-B-71.wav,1-46938-B-71.wav,uav_db,no_drone,folder_name,test
data/processed/audio/drone/B_S2_D1_117-bebop_003_.wav,B_S2_D1_117-bebop_003_.wav,uav_db,drone,folder_name,test
data/processed/audio/drone/mixed_59-bebop_000_.wav,mixed_59-bebop_000_.wav,uav_db,drone,folder_name,test
data/processed/audio/drone/mixed_membo_17-membo_001_.wav,mixed_membo_17-membo_001_.wav,uav_db,drone,folder_name,test
data/processed/audio/no_drone/2-110417-B-284.wav,2-110417-B-284.wav,uav_db,no_drone,folder_name,test
data/processed/audio/drone/mixed_membo_16-membo_000_.wav,mixed_membo_16-membo_000_.wav,uav_db,drone,folder_name,test
data/processed/audio/no_drone/1-22804-A-462.wav,1-22804-A-462.wav,uav_db,no_drone,folder_name,test
data/processed/audio/drone/mixed_membo_63-membo_002_.wav,mixed_membo_63-membo_002_.wav,uav_db,drone,folder_name,test
data/processed/audio/no_drone/5-233260-A-232.wav,5-233260-A-232.wav,uav_db,no_drone,folder_name,test
data/processed/audio/no_drone/1-62509-A-451.wav,1-62509-A-451.wav,uav_db,no_drone,folder_name,test
data/processed/audio/no_drone/1-16746-A-152.wav,1-16746-A-152.wav,uav_db,no_drone,folder_name,test
data/processed/audio/no_drone/3-103401-D-332.wav,3-103401-D-332.wav,uav_db,no_drone,folder_name,test
data/processed/audio/no_drone/5-249937-A-220.wav,5-249937-A-220.wav,uav_db,no_drone,folder_name,test
data/processed/audio/no_drone/3-118972-A-412.wav,3-118972-A-412.wav,uav_db,no_drone,folder_name,test
data/processed/audio/drone/B_S2_D1_112-bebop_001_.wav,B_S2_D1_112-bebop_001_.wav,uav_db,drone,folder_name,test
data/processed/audio/no_drone/1-30709-A-234.wav,1-30709-A-234.wav,uav_db,no_drone,folder_name,test
data/processed/audio/drone/B_S2_D1_069-bebop_001_.wav,B_S2_D1_069-bebop_001_.wav,uav_db,drone,folder_name,test
data/processed/audio/no_drone/3-180256-A-03.wav,3-180256-A-03.wav,uav_db,no_drone,folder_name,test
data/processed/audio/no_drone/2-158746-B-24.wav,2-158746-B-24.wav,uav_db,no_drone,folder_name,test
data/processed/audio/drone/mixed_membo_45-membo_004_.wav,mixed_membo_45-membo_004_.wav,uav_db,drone,folder_name,test
data/processed/audio/drone/mixed_membo_50-membo_002_.wav,mixed_membo_50-membo_002_.wav,uav_db,drone,folder_name,test
data/processed/audio/drone/Membo_2_015-membo_000_.wav,Membo_2_015-membo_000_.wav,uav_db,drone,folder_name,test
data/processed/audio/no_drone/3-118069-B-270.wav,3-118069-B-270.wav,uav_db,no_drone,folder_name,test
data/processed/audio/drone/mixed_membo_33-membo_002_.wav,mixed_membo_33-membo_002_.wav,uav_db,drone,folder_name,test
data/processed/audio/no_drone/4-144468-B-270.wav,4-144468-B-270.wav,uav_db,no_drone,folder_name,test
data/processed/audio/drone/mixed_membo_19-membo_003_.wav,mixed_membo_19-membo_003_.wav,uav_db,drone,folder_name,test
data/processed/audio/drone/Membo_0_039-membo_004_.wav,Membo_0_039-membo_004_.wav,uav_db,drone,folder_name,test
data/processed/audio/drone/Membo_0_037-membo_001_.wav,Membo_0_037-membo_001_.wav,uav_db,drone,folder_name,test
data/processed/audio/drone/mixed_66-bebop_000_.wav,mixed_66-bebop_000_.wav,uav_db,drone,folder_name,test
data/processed/audio/no_drone/4-180453-A-170.wav,4-180453-A-170.wav,uav_db,no_drone,folder_name,test
data/processed/audio/no_drone/silence277.wav,silence277.wav,uav_db,no_drone,folder_name,test
data/processed/audio/no_drone/3-156391-A-350.wav,3-156391-A-350.wav,uav_db,no_drone,folder_name,test
data/processed/audio/no_drone/5-180156-C-434.wav,5-180156-C-434.wav,uav_db,no_drone,folder_name,test
data/processed/audio/no_drone/4-187384-A-344.wav,4-187384-A-344.wav,uav_db,no_drone,folder_name,test
data/processed/audio/no_drone/1-100038-A-143.wav,1-100038-A-143.wav,uav_db,no_drone,folder_name,test
data/processed/audio/no_drone/4-172733-A-363.wav,4-172733-A-363.wav,uav_db,no_drone,folder_name,test
data/processed/audio/no_drone/3-182710-A-352.wav,3-182710-A-352.wav,uav_db,no_drone,folder_name,test
data/processed/audio/drone/B_S2_D1_076-bebop_004_.wav,B_S2_D1_076-bebop_004_.wav,uav_db,drone,folder_name,test
data/processed/audio/drone/Membo_0_007-membo_001_.wav,Membo_0_007-membo_001_.wav,uav_db,drone,folder_name,test
data/processed/audio/drone/mixed_35-bebop_003_.wav,mixed_35-bebop_003_.wav,uav_db,drone,folder_name,test
data/processed/audio/drone/mixed_53-bebop_000_.wav,mixed_53-bebop_000_.wav,uav_db,drone,folder_name,test
data/processed/audio/no_drone/5-234855-A-254.wav,5-234855-A-254.wav,uav_db,no_drone,folder_name,test
data/processed/audio/drone/B_S2_D1_092-bebop_004_.wav,B_S2_D1_092-bebop_004_.wav,uav_db,drone,folder_name,test
data/processed/audio/no_drone/2-66205-A-232.wav,2-66205-A-232.wav,uav_db,no_drone,folder_name,test
data/processed/audio/no_drone/4-132383-B-20.wav,4-132383-B-20.wav,uav_db,no_drone,folder_name,test
data/processed/audio/no_drone/3-172881-A-484.wav,3-172881-A-484.wav,uav_db,no_drone,folder_name,test
data/processed/audio/drone/mixed_31-bebop_000_.wav,mixed_31-bebop_000_.wav,uav_db,drone,folder_name,test
data/processed/audio/no_drone/1-85909-A-292.wav,1-85909-A-292.wav,uav_db,no_drone,folder_name,test
data/processed/audio/no_drone/3-163459-A-00.wav,3-163459-A-00.wav,uav_db,no_drone,folder_name,test
data/processed/audio/no_drone/1-24796-A-472.wav,1-24796-A-472.wav,uav_db,no_drone,folder_name,test
data/processed/audio/no_drone/3-134049-A-14.wav,3-134049-A-14.wav,uav_db,no_drone,folder_name,test
data/processed/audio/no_drone/5-237315-A-312.wav,5-237315-A-312.wav,uav_db,no_drone,folder_name,test
data/processed/audio/no_drone/1-28135-A-112.wav,1-28135-A-112.wav,uav_db,no_drone,folder_name,test
data/processed/audio/drone/B_S2_D1_103-bebop_001_.wav,B_S2_D1_103-bebop_001_.wav,uav_db,drone,folder_name,test
data/processed/audio/drone/mixed_membo_28-membo_002_.wav,mixed_membo_28-membo_002_.wav,uav_db,drone,folder_name,test
data/processed/audio/drone/Membo_2_018-membo_004_.wav,Membo_2_018-membo_004_.wav,uav_db,drone,folder_name,test
data/processed/audio/drone/B_S2_D1_128-bebop_000_.wav,B_S2_D1_128-bebop_000_.wav,uav_db,drone,folder_name,test
data/processed/audio/drone/B_S2_D1_120-bebop_002_.wav,B_S2_D1_120-bebop_002_.wav,uav_db,drone,folder_name,test
data/processed/audio/no_drone/4-189332-A-370.wav,4-189332-A-370.wav,uav_db,no_drone,folder_name,test
data/processed/audio/drone/B_S2_D1_108-bebop_003_.wav,B_S2_D1_108-bebop_003_.wav,uav_db,drone,folder_name,test
data/processed/audio/no_drone/1-155858-D-250.wav,1-155858-D-250.wav,uav_db,no_drone,folder_name,test
data/processed/audio/no_drone/3-100024-A-271.wav,3-100024-A-271.wav,uav_db,no_drone,folder_name,test
data/processed/audio/no_drone/1-181071-A-400.wav,1-181071-A-400.wav,uav_db,no_drone,folder_name,test
data/processed/audio/drone/Membo_1_041-membo_001_.wav,Membo_1_041-membo_001_.wav,uav_db,drone,folder_name,test
data/processed/audio/drone/extra_membo_D2_2027.wav,extra_membo_D2_2027.wav,uav_db,drone,folder_name,test
data/processed/audio/drone/mixed_16-bebop_003_.wav,mixed_16-bebop_003_.wav,uav_db,drone,folder_name,test
data/processed/audio/drone/extra_membo_D2_2039.wav,extra_membo_D2_2039.wav,uav_db,drone,folder_name,test
data/processed/audio/no_drone/4-171207-A-123.wav,4-171207-A-123.wav,uav_db,no_drone,folder_name,test
data/processed/audio/drone/Membo_2_011-membo_003_.wav,Membo_2_011-membo_003_.wav,uav_db,drone,folder_name,test
data/processed/audio/no_drone/5-210571-A-383.wav,5-210571-A-383.wav,uav_db,no_drone,folder_name,test
data/processed/audio/drone/mixed_membo_41-membo_003_.wav,mixed_membo_41-membo_003_.wav,uav_db,drone,folder_name,test
data/processed/audio/drone/mixed_membo_25-membo_002_.wav,mixed_membo_25-membo_002_.wav,uav_db,drone,folder_name,test
data/processed/audio/no_drone/5-244310-A-252.wav,5-244310-A-252.wav,uav_db,no_drone,folder_name,test
data/processed/audio/drone/extra_membo_D2_2034.wav,extra_membo_D2_2034.wav,uav_db,drone,folder_name,test
data/processed/audio/no_drone/4-182368-A-122.wav,4-182368-A-122.wav,uav_db,no_drone,folder_name,test
data/processed/audio/no_drone/5-188655-A-104.wav,5-188655-A-104.wav,uav_db,no_drone,folder_name,test
data/processed/audio/no_drone/4-156827-A-463.wav,4-156827-A-463.wav,uav_db,no_drone,folder_name,test
data/processed/audio/no_drone/5-259640-A-290.wav,5-259640-A-290.wav,uav_db,no_drone,folder_name,test
data/processed/audio/no_drone/4-158653-A-323.wav,4-158653-A-323.wav,uav_db,no_drone,folder_name,test
data/processed/audio/no_drone/1-22694-A-200.wav,1-22694-A-200.wav,uav_db,no_drone,folder_name,test
data/processed/audio/drone/mixed_membo_18-membo_003_.wav,mixed_membo_18-membo_003_.wav,uav_db,drone,folder_name,test
data/processed/audio/no_drone/4-181955-B-30.wav,4-181955-B-30.wav,uav_db,no_drone,folder_name,test
data/processed/audio/no_drone/2-166644-A-21.wav,2-166644-A-21.wav,uav_db,no_drone,folder_name,test
data/processed/audio/drone/mixed_53-bebop_001_.wav,mixed_53-bebop_001_.wav,uav_db,drone,folder_name,test
data/processed/audio/drone/Membo_0_040-membo_001_.wav,Membo_0_040-membo_001_.wav,uav_db,drone,folder_name,test
data/processed/audio/no_drone/1-96950-B-91.wav,1-96950-B-91.wav,uav_db,no_drone,folder_name,test
data/processed/audio/no_drone/2-50668-B-414.wav,2-50668-B-414.wav,uav_db,no_drone,folder_name,test
data/processed/audio/drone/B_S2_D1_086-bebop_000_.wav,B_S2_D1_086-bebop_000_.wav,uav_db,drone,folder_name,test
data/processed/audio/no_drone/5-215634-A-174.wav,5-215634-A-174.wav,uav_db,no_drone,folder_name,test
data/processed/audio/no_drone/3-149465-A-224.wav,3-149465-A-224.wav,uav_db,no_drone,folder_name,test
data/processed/audio/drone/Membo_2_013-membo_001_.wav,Membo_2_013-membo_001_.wav,uav_db,drone,folder_name,test
data/processed/audio/drone/Membo_2_014-membo_004_.wav,Membo_2_014-membo_004_.wav,uav_db,drone,folder_name,test
data/processed/audio/drone/B_S2_D1_109-bebop_002_.wav,B_S2_D1_109-bebop_002_.wav,uav_db,drone,folder_name,test
data/processed/audio/drone/Membo_0_041-membo_002_.wav,Membo_0_041-membo_002_.wav,uav_db,drone,folder_name,test
data/processed/audio/drone/Membo_1_000-membo_000_.wav,Membo_1_000-membo_000_.wav,uav_db,drone,folder_name,test
data/processed/audio/no_drone/4-165933-A-452.wav,4-165933-A-452.wav,uav_db,no_drone,folder_name,test
data/processed/audio/no_drone/3-143929-A-101.wav,3-143929-A-101.wav,uav_db,no_drone,folder_name,test
data/processed/audio/no_drone/5-203739-A-103.wav,5-203739-A-103.wav,uav_db,no_drone,folder_name,test
data/processed/audio/drone/mixed_membo_9-membo_002_.wav,mixed_membo_9-membo_002_.wav,uav_db,drone,folder_name,test
data/processed/audio/no_drone/2-106073-A-360.wav,2-106073-A-360.wav,uav_db,no_drone,folder_name,test
data/processed/audio/no_drone/1-51805-E-334.wav,1-51805-E-334.wav,uav_db,no_drone,folder_name,test
data/processed/audio/drone/mixed_5-bebop_003_.wav,mixed_5-bebop_003_.wav,uav_db,drone,folder_name,test
data/processed/audio/drone/Membo_0_011-membo_004_.wav,Membo_0_011-membo_004_.wav,uav_db,drone,folder_name,test
data/processed/audio/drone/mixed_membo_33-membo_001_.wav,mixed_membo_33-membo_001_.wav,uav_db,drone,folder_name,test
data/processed/audio/drone/B_S2_D1_103-bebop_003_.wav,B_S2_D1_103-bebop_003_.wav,uav_db,drone,folder_name,test
data/processed/audio/drone/mixed_20-bebop_002_.wav,mixed_20-bebop_002_.wav,uav_db,drone,folder_name,test
data/processed/audio/drone/B_S2_D1_100-bebop_003_.wav,B_S2_D1_100-bebop_003_.wav,uav_db,drone,folder_name,test
data/processed/audio/drone/B_S2_D1_089-bebop_000_.wav,B_S2_D1_089-bebop_000_.wav,uav_db,drone,folder_name,test
data/processed/audio/drone/mixed_16-bebop_000_.wav,mixed_16-bebop_000_.wav,uav_db,drone,folder_name,test
data/processed/audio/no_drone/2-130978-A-213.wav,2-130978-A-213.wav,uav_db,no_drone,folder_name,test
data/processed/audio/no_drone/3-145774-A-121.wav,3-145774-A-121.wav,uav_db,no_drone,folder_name,test
data/processed/audio/drone/mixed_membo_64-membo_004_.wav,mixed_membo_64-membo_004_.wav,uav_db,drone,folder_name,test
data/processed/audio/no_drone/2-87780-A-330.wav,2-87780-A-330.wav,uav_db,no_drone,folder_name,test
data/processed/audio/no_drone/3-137152-A-14.wav,3-137152-A-14.wav,uav_db,no_drone,folder_name,test
data/processed/audio/no_drone/silence055.wav,silence055.wav,uav_db,no_drone,folder_name,test
data/processed/audio/no_drone/2-157488-A-63.wav,2-157488-A-63.wav,uav_db,no_drone,folder_name,test
data/processed/audio/no_drone/1-76831-C-421.wav,1-76831-C-421.wav,uav_db,no_drone,folder_name,test
data/processed/audio/drone/PhenoBee_80.wav,PhenoBee_80.wav,uav_db,drone,folder_name,test
data/processed/audio/no_drone/2-209474-A-254.wav,2-209474-A-254.wav,uav_db,no_drone,folder_name,test
data/processed/audio/drone/B_S2_D1_126-bebop_000_.wav,B_S2_D1_126-bebop_000_.wav,uav_db,drone,folder_name,test
data/processed/audio/drone/mixed_membo_54-membo_002_.wav,mixed_membo_54-membo_002_.wav,uav_db,drone,folder_name,test
data/processed/audio/drone/mixed_membo_39-membo_004_.wav,mixed_membo_39-membo_004_.wav,uav_db,drone,folder_name,test
data/processed/audio/no_drone/3-118972-B-411.wav,3-118972-B-411.wav,uav_db,no_drone,folder_name,test
data/processed/audio/no_drone/5-201172-A-464.wav,5-201172-A-464.wav,uav_db,no_drone,folder_name,test
data/processed/audio/no_drone/2-32515-C-41.wav,2-32515-C-41.wav,uav_db,no_drone,folder_name,test
data/processed/audio/drone/Membo_2_014-membo_002_.wav,Membo_2_014-membo_002_.wav,uav_db,drone,folder_name,test
data/processed/audio/drone/B_S2_D1_072-bebop_003_.wav,B_S2_D1_072-bebop_003_.wav,uav_db,drone,folder_name,test
data/processed/audio/no_drone/1-172649-C-401.wav,1-172649-C-401.wav,uav_db,no_drone,folder_name,test
data/processed/audio/no_drone/1-33658-A-262.wav,1-33658-A-262.wav,uav_db,no_drone,folder_name,test
data/processed/audio/drone/extra_membo_D2_2047.wav,extra_membo_D2_2047.wav,uav_db,drone,folder_name,test
data/processed/audio/no_drone/2-39443-B-193.wav,2-39443-B-193.wav,uav_db,no_drone,folder_name,test
data/processed/audio/drone/Membo_1_042-membo_001_.wav,Membo_1_042-membo_001_.wav,uav_db,drone,folder_name,test
data/processed/audio/no_drone/3-167096-A-310.wav,3-167096-A-310.wav,uav_db,no_drone,folder_name,test
data/processed/audio/no_drone/4-171519-A-211.wav,4-171519-A-211.wav,uav_db,no_drone,folder_name,test
data/processed/audio/drone/B_S2_D1_120-bebop_001_.wav,B_S2_D1_120-bebop_001_.wav,uav_db,drone,folder_name,test
data/processed/audio/no_drone/1-46040-A-142.wav,1-46040-A-142.wav,uav_db,no_drone,folder_name,test
data/processed/audio/drone/extra_membo_D2_2043.wav,extra_membo_D2_2043.wav,uav_db,drone,folder_name,test
data/processed/audio/no_drone/5-147297-A-270.wav,5-147297-A-270.wav,uav_db,no_drone,folder_name,test
data/processed/audio/drone/mixed_21-bebop_001_.wav,mixed_21-bebop_001_.wav,uav_db,drone,folder_name,test
data/processed/audio/drone/mixed_membo_3-membo_003_.wav,mixed_membo_3-membo_003_.wav,uav_db,drone,folder_name,test
data/processed/audio/no_drone/4-133047-A-54.wav,4-133047-A-54.wav,uav_db,no_drone,folder_name,test
data/processed/audio/no_drone/1-46040-A-144.wav,1-46040-A-144.wav,uav_db,no_drone,folder_name,test
data/processed/audio/drone/Membo_1_004-membo_001_.wav,Membo_1_004-membo_001_.wav,uav_db,drone,folder_name,test
data/processed/audio/no_drone/3-152997-A-262.wav,3-152997-A-262.wav,uav_db,no_drone,folder_name,test
data/processed/audio/no_drone/2-109231-B-91.wav,2-109231-B-91.wav,uav_db,no_drone,folder_name,test
data/processed/audio/drone/B_S2_D1_105-bebop_003_.wav,B_S2_D1_105-bebop_003_.wav,uav_db,drone,folder_name,test
data/processed/audio/drone/mixed_membo_24-membo_004_.wav,mixed_membo_24-membo_004_.wav,uav_db,drone,folder_name,test
data/processed/audio/no_drone/1-101336-A-301.wav,1-101336-A-301.wav,uav_db,no_drone,folder_name,test
data/processed/audio/drone/B_S2_D1_097-bebop_002_.wav,B_S2_D1_097-bebop_002_.wav,uav_db,drone,folder_name,test
data/processed/audio/no_drone/5-191497-A-330.wav,5-191497-A-330.wav,uav_db,no_drone,folder_name,test
data/processed/audio/no_drone/3-51909-B-420.wav,3-51909-B-420.wav,uav_db,no_drone,folder_name,test
data/processed/audio/drone/mixed_membo_59-membo_001_.wav,mixed_membo_59-membo_001_.wav,uav_db,drone,folder_name,test
data/processed/audio/drone/mixed_53-bebop_004_.wav,mixed_53-bebop_004_.wav,uav_db,drone,folder_name,test
data/processed/audio/no_drone/5-253085-A-33.wav,5-253085-A-33.wav,uav_db,no_drone,folder_name,test
data/processed/audio/no_drone/1-45645-A-313.wav,1-45645-A-313.wav,uav_db,no_drone,folder_name,test
data/processed/audio/drone/mixed_membo_60-membo_004_.wav,mixed_membo_60-membo_004_.wav,uav_db,drone,folder_name,test
data/processed/audio/drone/extra_membo_D2_2011.wav,extra_membo_D2_2011.wav,uav_db,drone,folder_name,test
data/processed/audio/no_drone/4-121532-A-420.wav,4-121532-A-420.wav,uav_db,no_drone,folder_name,test
data/processed/audio/drone/B_S2_D1_110-bebop_001_.wav,B_S2_D1_110-bebop_001_.wav,uav_db,drone,folder_name,test
data/processed/audio/no_drone/2-32515-B-41.wav,2-32515-B-41.wav,uav_db,no_drone,folder_name,test
data/processed/audio/no_drone/2-104105-A-191.wav,2-104105-A-191.wav,uav_db,no_drone,folder_name,test
data/processed/audio/drone/mixed_25-bebop_000_.wav,mixed_25-bebop_000_.wav,uav_db,drone,folder_name,test
data/processed/audio/no_drone/5-198411-F-204.wav,5-198411-F-204.wav,uav_db,no_drone,folder_name,test
data/processed/audio/drone/B_S2_D1_117-bebop_004_.wav,B_S2_D1_117-bebop_004_.wav,uav_db,drone,folder_name,test
data/processed/audio/drone/B_S2_D1_117-bebop_002_.wav,B_S2_D1_117-bebop_002_.wav,uav_db,drone,folder_name,test
data/processed/audio/no_drone/3-68630-B-403.wav,3-68630-B-403.wav,uav_db,no_drone,folder_name,test
data/processed/audio/no_drone/3-71964-C-42.wav,3-71964-C-42.wav,uav_db,no_drone,folder_name,test
data/processed/audio/drone/Membo_1_030-membo_002_.wav,Membo_1_030-membo_002_.wav,uav_db,drone,folder_name,test
data/processed/audio/drone/Membo_2_011-membo_002_.wav,Membo_2_011-membo_002_.wav,uav_db,drone,folder_name,test
data/processed/audio/drone/B_S2_D1_113-bebop_003_.wav,B_S2_D1_113-bebop_003_.wav,uav_db,drone,folder_name,test
data/processed/audio/drone/extra_membo_D2_2045.wav,extra_membo_D2_2045.wav,uav_db,drone,folder_name,test
data/processed/audio/drone/Syma_X20_44.wav,Syma_X20_44.wav,uav_db,drone,folder_name,test
data/processed/audio/no_drone/2-166644-B-22.wav,2-166644-B-22.wav,uav_db,no_drone,folder_name,test
data/processed/audio/drone/DJI_Tello_TT_93.wav,DJI_Tello_TT_93.wav,uav_db,drone,folder_name,test
data/processed/audio/no_drone/2-102581-A-294.wav,2-102581-A-294.wav,uav_db,no_drone,folder_name,test
data/processed/audio/no_drone/5-243449-A-143.wav,5-243449-A-143.wav,uav_db,no_drone,folder_name,test
data/processed/audio/no_drone/4-172736-B-363.wav,4-172736-B-363.wav,uav_db,no_drone,folder_name,test
data/processed/audio/drone/B_S2_D1_097-bebop_001_.wav,B_S2_D1_097-bebop_001_.wav,uav_db,drone,folder_name,test
data/processed/audio/no_drone/4-213915-C-30.wav,4-213915-C-30.wav,uav_db,no_drone,folder_name,test
data/processed/audio/drone/Membo_1_001-membo_004_.wav,Membo_1_001-membo_004_.wav,uav_db,drone,folder_name,test
data/processed/audio/no_drone/3-159346-B-361.wav,3-159346-B-361.wav,uav_db,no_drone,folder_name,test
data/processed/audio/no_drone/4-261068-A-302.wav,4-261068-A-302.wav,uav_db,no_drone,folder_name,test
data/processed/audio/drone/mixed_43-bebop_002_.wav,mixed_43-bebop_002_.wav,uav_db,drone,folder_name,test
data/processed/audio/drone/B_S2_D1_075-bebop_002_.wav,B_S2_D1_075-bebop_002_.wav,uav_db,drone,folder_name,test
data/processed/audio/no_drone/3-160119-A-152.wav,3-160119-A-152.wav,uav_db,no_drone,folder_name,test
data/processed/audio/drone/B_S2_D1_067-bebop_004_.wav,B_S2_D1_067-bebop_004_.wav,uav_db,drone,folder_name,test
data/processed/audio/no_drone/4-146200-A-364.wav,4-146200-A-364.wav,uav_db,no_drone,folder_name,test
data/processed/audio/no_drone/5-219379-B-112.wav,5-219379-B-112.wav,uav_db,no_drone,folder_name,test
data/processed/audio/no_drone/5-179294-A-463.wav,5-179294-A-463.wav,uav_db,no_drone,folder_name,test
data/processed/audio/no_drone/1-30709-A-230.wav,1-30709-A-230.wav,uav_db,no_drone,folder_name,test
data/processed/audio/no_drone/3-62878-A-422.wav,3-62878-A-422.wav,uav_db,no_drone,folder_name,test
data/processed/audio/drone/B_S2_D1_099-bebop_002_.wav,B_S2_D1_099-bebop_002_.wav,uav_db,drone,folder_name,test
data/processed/audio/no_drone/3-257858-A-22.wav,3-257858-A-22.wav,uav_db,no_drone,folder_name,test
data/processed/audio/drone/mixed_membo_25-membo_001_.wav,mixed_membo_25-membo_001_.wav,uav_db,drone,folder_name,test
data/processed/audio/drone/mixed_41-bebop_003_.wav,mixed_41-bebop_003_.wav,uav_db,drone,folder_name,test
data/processed/audio/no_drone/5-193473-B-122.wav,5-193473-B-122.wav,uav_db,no_drone,folder_name,test
data/processed/audio/drone/extra_membo_D2_2021.wav,extra_membo_D2_2021.wav,uav_db,drone,folder_name,test
data/processed/audio/no_drone/2-117615-E-482.wav,2-117615-E-482.wav,uav_db,no_drone,folder_name,test
data/processed/audio/drone/Membo_0_015-membo_004_.wav,Membo_0_015-membo_004_.wav,uav_db,drone,folder_name,test
data/processed/audio/drone/Membo_0_038-membo_004_.wav,Membo_0_038-membo_004_.wav,uav_db,drone,folder_name,test
data/processed/audio/no_drone/1-85123-A-311.wav,1-85123-A-311.wav,uav_db,no_drone,folder_name,test
data/processed/audio/drone/Membo_0_014-membo_004_.wav,Membo_0_014-membo_004_.wav,uav_db,drone,folder_name,test
data/processed/audio/drone/B_S2_D1_113-bebop_004_.wav,B_S2_D1_113-bebop_004_.wav,uav_db,drone,folder_name,test
data/processed/audio/no_drone/2-139748-B-150.wav,2-139748-B-150.wav,uav_db,no_drone,folder_name,test
data/processed/audio/drone/extra_membo_D2_2036.wav,extra_membo_D2_2036.wav,uav_db,drone,folder_name,test
data/processed/audio/drone/Membo_0_002-membo_001_.wav,Membo_0_002-membo_001_.wav,uav_db,drone,folder_name,test
data/processed/audio/drone/B_S2_D1_092-bebop_002_.wav,B_S2_D1_092-bebop_002_.wav,uav_db,drone,folder_name,test
data/processed/audio/drone/mixed_membo_57-membo_002_.wav,mixed_membo_57-membo_002_.wav,uav_db,drone,folder_name,test
data/processed/audio/no_drone/4-155650-B-241.wav,4-155650-B-241.wav,uav_db,no_drone,folder_name,test
data/processed/audio/drone/Membo_0_005-membo_001_.wav,Membo_0_005-membo_001_.wav,uav_db,drone,folder_name,test
data/processed/audio/no_drone/2-28314-B-124.wav,2-28314-B-124.wav,uav_db,no_drone,folder_name,test
data/processed/audio/drone/DJI_Matrice600p_12.wav,DJI_Matrice600p_12.wav,uav_db,drone,folder_name,test
data/processed/audio/drone/mixed_19-bebop_002_.wav,mixed_19-bebop_002_.wav,uav_db,drone,folder_name,test
data/processed/audio/drone/B_S2_D1_084-bebop_003_.wav,B_S2_D1_084-bebop_003_.wav,uav_db,drone,folder_name,test
data/processed/audio/no_drone/2-118964-A-03.wav,2-118964-A-03.wav,uav_db,no_drone,folder_name,test
data/processed/audio/no_drone/2-188822-B-401.wav,2-188822-B-401.wav,uav_db,no_drone,folder_name,test
data/processed/audio/drone/mixed_membo_10-membo_002_.wav,mixed_membo_10-membo_002_.wav,uav_db,drone,folder_name,test
data/processed/audio/drone/mixed_44-bebop_003_.wav,mixed_44-bebop_003_.wav,uav_db,drone,folder_name,test
data/processed/audio/drone/mixed_13-bebop_001_.wav,mixed_13-bebop_001_.wav,uav_db,drone,folder_name,test
data/processed/audio/no_drone/5-117773-A-164.wav,5-117773-A-164.wav,uav_db,no_drone,folder_name,test
data/processed/audio/drone/Membo_0_003-membo_001_.wav,Membo_0_003-membo_001_.wav,uav_db,drone,folder_name,test
data/processed/audio/drone/mixed_membo_4-membo_000_.wav,mixed_membo_4-membo_000_.wav,uav_db,drone,folder_name,test
data/processed/audio/no_drone/2-209473-A-254.wav,2-209473-A-254.wav,uav_db,no_drone,folder_name,test
data/processed/audio/drone/mixed_membo_30-membo_003_.wav,mixed_membo_30-membo_003_.wav,uav_db,drone,folder_name,test
data/processed/audio/no_drone/4-154443-A-241.wav,4-154443-A-241.wav,uav_db,no_drone,folder_name,test
data/processed/audio/no_drone/3-142604-A-244.wav,3-142604-A-244.wav,uav_db,no_drone,folder_name,test
data/processed/audio/drone/mixed_membo_9-membo_000_.wav,mixed_membo_9-membo_000_.wav,uav_db,drone,folder_name,test
data/processed/audio/no_drone/3-124376-A-34.wav,3-124376-A-34.wav,uav_db,no_drone,folder_name,test
data/processed/audio/no_drone/2-165801-A-483.wav,2-165801-A-483.wav,uav_db,no_drone,folder_name,test
data/processed/audio/no_drone/1-50625-A-170.wav,1-50625-A-170.wav,uav_db,no_drone,folder_name,test
data/processed/audio/no_drone/2-154688-A-311.wav,2-154688-A-311.wav,uav_db,no_drone,folder_name,test
data/processed/audio/drone/mixed_membo_6-membo_000_.wav,mixed_membo_6-membo_000_.wav,uav_db,drone,folder_name,test
data/processed/audio/no_drone/4-147657-A-460.wav,4-147657-A-460.wav,uav_db,no_drone,folder_name,test
data/processed/audio/no_drone/3-146964-A-54.wav,3-146964-A-54.wav,uav_db,no_drone,folder_name,test
data/processed/audio/no_drone/3-141240-A-443.wav,3-141240-A-443.wav,uav_db,no_drone,folder_name,test
data/processed/audio/drone/mixed_membo_43-membo_000_.wav,mixed_membo_43-membo_000_.wav,uav_db,drone,folder_name,test
data/processed/audio/no_drone/5-260875-A-350.wav,5-260875-A-350.wav,uav_db,no_drone,folder_name,test
data/processed/audio/drone/mixed_membo_28-membo_003_.wav,mixed_membo_28-membo_003_.wav,uav_db,drone,folder_name,test
data/processed/audio/drone/Membo_1_044-membo_003_.wav,Membo_1_044-membo_003_.wav,uav_db,drone,folder_name,test
data/processed/audio/no_drone/silence199.wav,silence199.wav,uav_db,no_drone,folder_name,test
data/processed/audio/no_drone/1-101404-A-341.wav,1-101404-A-341.wav,uav_db,no_drone,folder_name,test
data/processed/audio/no_drone/2-28314-B-121.wav,2-28314-B-121.wav,uav_db,no_drone,folder_name,test
data/processed/audio/no_drone/2-32515-A-44.wav,2-32515-A-44.wav,uav_db,no_drone,folder_name,test
data/processed/audio/drone/mixed_membo_4-membo_004_.wav,mixed_membo_4-membo_004_.wav,uav_db,drone,folder_name,test
data/processed/audio/drone/Membo_0_005-membo_002_.wav,Membo_0_005-membo_002_.wav,uav_db,drone,folder_name,test
data/processed/audio/drone/mixed_membo_65-membo_004_.wav,mixed_membo_65-membo_004_.wav,uav_db,drone,folder_name,test
data/processed/audio/no_drone/2-102414-A-172.wav,2-102414-A-172.wav,uav_db,no_drone,folder_name,test
data/processed/audio/no_drone/5-238021-A-354.wav,5-238021-A-354.wav,uav_db,no_drone,folder_name,test
data/processed/audio/drone/B_S2_D1_119-bebop_001_.wav,B_S2_D1_119-bebop_001_.wav,uav_db,drone,folder_name,test
data/processed/audio/no_drone/3-103598-A-251.wav,3-103598-A-251.wav,uav_db,no_drone,folder_name,test
data/processed/audio/no_drone/2-93030-A-214.wav,2-93030-A-214.wav,uav_db,no_drone,folder_name,test
data/processed/audio/no_drone/3-117883-A-373.wav,3-117883-A-373.wav,uav_db,no_drone,folder_name,test
data/processed/audio/drone/B_S2_D1_120-bebop_003_.wav,B_S2_D1_120-bebop_003_.wav,uav_db,drone,folder_name,test
data/processed/audio/drone/mixed_membo_18-membo_002_.wav,mixed_membo_18-membo_002_.wav,uav_db,drone,folder_name,test
data/processed/audio/drone/B_S2_D1_112-bebop_003_.wav,B_S2_D1_112-bebop_003_.wav,uav_db,drone,folder_name,test
data/processed/audio/drone/B_S2_D1_102-bebop_001_.wav,B_S2_D1_102-bebop_001_.wav,uav_db,drone,folder_name,test
data/processed/audio/drone/Autel_Evo_II_20.wav,Autel_Evo_II_20.wav,uav_db,drone,folder_name,test
data/processed/audio/drone/mixed_membo_29-membo_003_.wav,mixed_membo_29-membo_003_.wav,uav_db,drone,folder_name,test
data/processed/audio/drone/mixed_membo_55-membo_002_.wav,mixed_membo_55-membo_002_.wav,uav_db,drone,folder_name,test
data/processed/audio/drone/B_S2_D1_090-bebop_003_.wav,B_S2_D1_090-bebop_003_.wav,uav_db,drone,folder_name,test
data/processed/audio/no_drone/4-99644-D-42.wav,4-99644-D-42.wav,uav_db,no_drone,folder_name,test
data/processed/audio/no_drone/silence014.wav,silence014.wav,uav_db,no_drone,folder_name,test
data/processed/audio/no_drone/3-158056-A-310.wav,3-158056-A-310.wav,uav_db,no_drone,folder_name,test
data/processed/audio/drone/mixed_membo_56-membo_000_.wav,mixed_membo_56-membo_000_.wav,uav_db,drone,folder_name,test
data/processed/audio/no_drone/1-80841-A-131.wav,1-80841-A-131.wav,uav_db,no_drone,folder_name,test
data/processed/audio/drone/mixed_membo_49-membo_000_.wav,mixed_membo_49-membo_000_.wav,uav_db,drone,folder_name,test
data/processed/audio/no_drone/4-191246-B-72.wav,4-191246-B-72.wav,uav_db,no_drone,folder_name,test
data/processed/audio/drone/mixed_51-bebop_002_.wav,mixed_51-bebop_002_.wav,uav_db,drone,folder_name,test
data/processed/audio/drone/B_S2_D1_106-bebop_002_.wav,B_S2_D1_106-bebop_002_.wav,uav_db,drone,folder_name,test
data/processed/audio/no_drone/4-205526-A-234.wav,4-205526-A-234.wav,uav_db,no_drone,folder_name,test
data/processed/audio/drone/mixed_membo_39-membo_000_.wav,mixed_membo_39-membo_000_.wav,uav_db,drone,folder_name,test
data/processed/audio/drone/Membo_2_010-membo_001_.wav,Membo_2_010-membo_001_.wav,uav_db,drone,folder_name,test
data/processed/audio/no_drone/2-209477-A-250.wav,2-209477-A-250.wav,uav_db,no_drone,folder_name,test
data/processed/audio/drone/mixed_membo_22-membo_003_.wav,mixed_membo_22-membo_003_.wav,uav_db,drone,folder_name,test
data/processed/audio/drone/Membo_0_038-membo_000_.wav,Membo_0_038-membo_000_.wav,uav_db,drone,folder_name,test
data/processed/audio/drone/Membo_1_000-membo_003_.wav,Membo_1_000-membo_003_.wav,uav_db,drone,folder_name,test
data/processed/audio/drone/Membo_2_020-membo_004_.wav,Membo_2_020-membo_004_.wav,uav_db,drone,folder_name,test
data/processed/audio/no_drone/4-141365-A-182.wav,4-141365-A-182.wav,uav_db,no_drone,folder_name,test
data/processed/audio/drone/Membo_0_002-membo_000_.wav,Membo_0_002-membo_000_.wav,uav_db,drone,folder_name,test
data/processed/audio/drone/DJI_Mavic2s_19.wav,DJI_Mavic2s_19.wav,uav_db,drone,folder_name,test
data/processed/audio/no_drone/3-110913-D-73.wav,3-110913-D-73.wav,uav_db,no_drone,folder_name,test
data/processed/audio/no_drone/1-46938-B-73.wav,1-46938-B-73.wav,uav_db,no_drone,folder_name,test
data/processed/audio/drone/DJI_Mavic_Air2_63.wav,DJI_Mavic_Air2_63.wav,uav_db,drone,folder_name,test
data/processed/audio/drone/B_S2_D1_092-bebop_001_.wav,B_S2_D1_092-bebop_001_.wav,uav_db,drone,folder_name,test
data/processed/audio/drone/B_S2_D1_131-bebop_002_.wav,B_S2_D1_131-bebop_002_.wav,uav_db,drone,folder_name,test
data/processed/audio/drone/mixed_membo_0-membo_001_.wav,mixed_membo_0-membo_001_.wav,uav_db,drone,folder_name,test
data/processed/audio/drone/Membo_1_041-membo_003_.wav,Membo_1_041-membo_003_.wav,uav_db,drone,folder_name,test
data/processed/audio/no_drone/5-238938-A-273.wav,5-238938-A-273.wav,uav_db,no_drone,folder_name,test
data/processed/audio/no_drone/5-215447-A-472.wav,5-215447-A-472.wav,uav_db,no_drone,folder_name,test
data/processed/audio/no_drone/5-198411-B-202.wav,5-198411-B-202.wav,uav_db,no_drone,folder_name,test
data/processed/audio/drone/mixed_19-bebop_001_.wav,mixed_19-bebop_001_.wav,uav_db,drone,folder_name,test
data/processed/audio/no_drone/2-68391-B-414.wav,2-68391-B-414.wav,uav_db,no_drone,folder_name,test
data/processed/audio/no_drone/4-119647-C-481.wav,4-119647-C-481.wav,uav_db,no_drone,folder_name,test
data/processed/audio/drone/mixed_membo_1-membo_001_.wav,mixed_membo_1-membo_001_.wav,uav_db,drone,folder_name,test
data/processed/audio/drone/mixed_membo_0-membo_003_.wav,mixed_membo_0-membo_003_.wav,uav_db,drone,folder_name,test
data/processed/audio/drone/mixed_45-bebop_004_.wav,mixed_45-bebop_004_.wav,uav_db,drone,folder_name,test
data/processed/audio/no_drone/4-191015-A-433.wav,4-191015-A-433.wav,uav_db,no_drone,folder_name,test
data/processed/audio/drone/extra_membo_D2_2049.wav,extra_membo_D2_2049.wav,uav_db,drone,folder_name,test
data/processed/audio/no_drone/3-68630-B-401.wav,3-68630-B-401.wav,uav_db,no_drone,folder_name,test
data/processed/audio/no_drone/2-72547-B-142.wav,2-72547-B-142.wav,uav_db,no_drone,folder_name,test
data/processed/audio/drone/mixed_membo_1-membo_000_.wav,mixed_membo_1-membo_000_.wav,uav_db,drone,folder_name,test
data/processed/audio/no_drone/1-51433-A-174.wav,1-51433-A-174.wav,uav_db,no_drone,folder_name,test
data/processed/audio/drone/B_S2_D1_094-bebop_002_.wav,B_S2_D1_094-bebop_002_.wav,uav_db,drone,folder_name,test
data/processed/audio/no_drone/4-161519-A-192.wav,4-161519-A-192.wav,uav_db,no_drone,folder_name,test
data/processed/audio/drone/mixed_29-bebop_003_.wav,mixed_29-bebop_003_.wav,uav_db,drone,folder_name,test
data/processed/audio/drone/B_S2_D1_125-bebop_002_.wav,B_S2_D1_125-bebop_002_.wav,uav_db,drone,folder_name,test
data/processed/audio/drone/extra_membo_D2_2028.wav,extra_membo_D2_2028.wav,uav_db,drone,folder_name,test
data/processed/audio/no_drone/1-7456-A-132.wav,1-7456-A-132.wav,uav_db,no_drone,folder_name,test
data/processed/audio/no_drone/1-17092-A-274.wav,1-17092-A-274.wav,uav_db,no_drone,folder_name,test
data/processed/audio/drone/Membo_1_047-membo_001_.wav,Membo_1_047-membo_001_.wav,uav_db,drone,folder_name,test
data/processed/audio/no_drone/5-117120-A-423.wav,5-117120-A-423.wav,uav_db,no_drone,folder_name,test
data/processed/audio/no_drone/2-51173-A-353.wav,2-51173-A-353.wav,uav_db,no_drone,folder_name,test
data/processed/audio/no_drone/4-163697-A-133.wav,4-163697-A-133.wav,uav_db,no_drone,folder_name,test
data/processed/audio/no_drone/2-114609-A-284.wav,2-114609-A-284.wav,uav_db,no_drone,folder_name,test
data/processed/audio/no_drone/5-156026-A-41.wav,5-156026-A-41.wav,uav_db,no_drone,folder_name,test
data/processed/audio/drone/extra_membo_D2_2033.wav,extra_membo_D2_2033.wav,uav_db,drone,folder_name,test
data/processed/audio/drone/mixed_63-bebop_003_.wav,mixed_63-bebop_003_.wav,uav_db,drone,folder_name,test
data/processed/audio/drone/mixed_50-bebop_003_.wav,mixed_50-bebop_003_.wav,uav_db,drone,folder_name,test
data/processed/audio/no_drone/5-237795-A-342.wav,5-237795-A-342.wav,uav_db,no_drone,folder_name,test
data/processed/audio/drone/mixed_membo_49-membo_002_.wav,mixed_membo_49-membo_002_.wav,uav_db,drone,folder_name,test
data/processed/audio/drone/Membo_0_037-membo_004_.wav,Membo_0_037-membo_004_.wav,uav_db,drone,folder_name,test
data/processed/audio/no_drone/silence101.wav,silence101.wav,uav_db,no_drone,folder_name,test
data/processed/audio/drone/mixed_3-bebop_003_.wav,mixed_3-bebop_003_.wav,uav_db,drone,folder_name,test
data/processed/audio/drone/B_S2_D1_114-bebop_004_.wav,B_S2_D1_114-bebop_004_.wav,uav_db,drone,folder_name,test
data/processed/audio/drone/B_S2_D1_081-bebop_000_.wav,B_S2_D1_081-bebop_000_.wav,uav_db,drone,folder_name,test
data/processed/audio/no_drone/2-209478-A-254.wav,2-209478-A-254.wav,uav_db,no_drone,folder_name,test
data/processed/audio/drone/mixed_23-bebop_002_.wav,mixed_23-bebop_002_.wav,uav_db,drone,folder_name,test
data/processed/audio/drone/extra_membo_D2_2010.wav,extra_membo_D2_2010.wav,uav_db,drone,folder_name,test
data/processed/audio/drone/B_S2_D1_086-bebop_002_.wav,B_S2_D1_086-bebop_002_.wav,uav_db,drone,folder_name,test
data/processed/audio/drone/Membo_0_016-membo_004_.wav,Membo_0_016-membo_004_.wav,uav_db,drone,folder_name,test
data/processed/audio/drone/B_S2_D1_117-bebop_001_.wav,B_S2_D1_117-bebop_001_.wav,uav_db,drone,folder_name,test
data/processed/audio/drone/mixed_membo_56-membo_002_.wav,mixed_membo_56-membo_002_.wav,uav_db,drone,folder_name,test
data/processed/audio/no_drone/4-212604-B-152.wav,4-212604-B-152.wav,uav_db,no_drone,folder_name,test
data/processed/audio/no_drone/3-156393-A-350.wav,3-156393-A-350.wav,uav_db,no_drone,folder_name,test
data/processed/audio/drone/B_S2_D1_100-bebop_001_.wav,B_S2_D1_100-bebop_001_.wav,uav_db,drone,folder_name,test
data/processed/audio/no_drone/4-204618-A-111.wav,4-204618-A-111.wav,uav_db,no_drone,folder_name,test
data/processed/audio/no_drone/2-52085-A-43.wav,2-52085-A-43.wav,uav_db,no_drone,folder_name,test
data/processed/audio/drone/mixed_membo_34-membo_003_.wav,mixed_membo_34-membo_003_.wav,uav_db,drone,folder_name,test
data/processed/audio/drone/mixed_0-bebop_002_.wav,mixed_0-bebop_002_.wav,uav_db,drone,folder_name,test
data/processed/audio/no_drone/3-51909-A-423.wav,3-51909-A-423.wav,uav_db,no_drone,folder_name,test
data/processed/audio/drone/B_S2_D1_122-bebop_001_.wav,B_S2_D1_122-bebop_001_.wav,uav_db,drone,folder_name,test
data/processed/audio/no_drone/3-112356-A-184.wav,3-112356-A-184.wav,uav_db,no_drone,folder_name,test
data/processed/audio/drone/mixed_membo_54-membo_004_.wav,mixed_membo_54-membo_004_.wav,uav_db,drone,folder_name,test
data/processed/audio/drone/Membo_2_013-membo_004_.wav,Membo_2_013-membo_004_.wav,uav_db,drone,folder_name,test
data/processed/audio/drone/Membo_0_007-membo_004_.wav,Membo_0_007-membo_004_.wav,uav_db,drone,folder_name,test
data/processed/audio/no_drone/2-131943-A-381.wav,2-131943-A-381.wav,uav_db,no_drone,folder_name,test
data/processed/audio/no_drone/2-209472-A-251.wav,2-209472-A-251.wav,uav_db,no_drone,folder_name,test
data/processed/audio/drone/B_S2_D1_089-bebop_001_.wav,B_S2_D1_089-bebop_001_.wav,uav_db,drone,folder_name,test
data/processed/audio/drone/B_S2_D1_114-bebop_001_.wav,B_S2_D1_114-bebop_001_.wav,uav_db,drone,folder_name,test
data/processed/audio/drone/mixed_membo_48-membo_000_.wav,mixed_membo_48-membo_000_.wav,uav_db,drone,folder_name,test
data/processed/audio/drone/mixed_31-bebop_001_.wav,mixed_31-bebop_001_.wav,uav_db,drone,folder_name,test
data/processed/audio/no_drone/2-70939-A-423.wav,2-70939-A-423.wav,uav_db,no_drone,folder_name,test
data/processed/audio/no_drone/4-198841-A-371.wav,4-198841-A-371.wav,uav_db,no_drone,folder_name,test
data/processed/audio/no_drone/2-117795-A-32.wav,2-117795-A-32.wav,uav_db,no_drone,folder_name,test
data/processed/audio/drone/mixed_63-bebop_002_.wav,mixed_63-bebop_002_.wav,uav_db,drone,folder_name,test
data/processed/audio/no_drone/1-75189-A-73.wav,1-75189-A-73.wav,uav_db,no_drone,folder_name,test
data/processed/audio/no_drone/3-135650-A-453.wav,3-135650-A-453.wav,uav_db,no_drone,folder_name,test
data/processed/audio/no_drone/2-112213-A-391.wav,2-112213-A-391.wav,uav_db,no_drone,folder_name,test
data/processed/audio/no_drone/4-204777-B-393.wav,4-204777-B-393.wav,uav_db,no_drone,folder_name,test
data/processed/audio/no_drone/3-156393-A-353.wav,3-156393-A-353.wav,uav_db,no_drone,folder_name,test
data/processed/audio/no_drone/1-67152-A-174.wav,1-67152-A-174.wav,uav_db,no_drone,folder_name,test
data/processed/audio/drone/B_S2_D1_072-bebop_001_.wav,B_S2_D1_072-bebop_001_.wav,uav_db,drone,folder_name,test
data/processed/audio/no_drone/1-103995-A-302.wav,1-103995-A-302.wav,uav_db,no_drone,folder_name,test
data/processed/audio/no_drone/1-88574-A-84.wav,1-88574-A-84.wav,uav_db,no_drone,folder_name,test
data/processed/audio/drone/Membo_2_019-membo_000_.wav,Membo_2_019-membo_000_.wav,uav_db,drone,folder_name,test
data/processed/audio/no_drone/3-154926-B-402.wav,3-154926-B-402.wav,uav_db,no_drone,folder_name,test
data/processed/audio/drone/mixed_19-bebop_003_.wav,mixed_19-bebop_003_.wav,uav_db,drone,folder_name,test
data/processed/audio/drone/Membo_1_044-membo_004_.wav,Membo_1_044-membo_004_.wav,uav_db,drone,folder_name,test
data/processed/audio/no_drone/3-155577-A-144.wav,3-155577-A-144.wav,uav_db,no_drone,folder_name,test
data/processed/audio/drone/mixed_membo_42-membo_003_.wav,mixed_membo_42-membo_003_.wav,uav_db,drone,folder_name,test
